Date,Total_Cases,Total_Deaths,Total_Hospitalizations,Ages_0to17,Ages_18to29,Ages_30to39,Ages_40to49,Ages_50to59,Ages_60to69,Ages_70to79,Age_80andAbove,Ages_Unknown,Female,Male,Unknown_Gender,Latinx,Asian_NonLatinx,Black_NonLatinx,White_NonLatinx,OtherRace_NonLatinx,UnknownRace_Ethnicity,Ages_0to17,Ages_18to29,Ages_30to39,Ages_40to49,Ages_50to59,Ages_60to69,Ages_70to79,Ages_80+,Ages_Unknown,Female,Male,Unknown_Gender,Latinx,Asian_NonLatinx,Black_NonLatinx,White_NonLatinx,OtherRace_NonLatinx,UnknownRace_Ethnicity,Hospitalizations_Ages_0to17,Hospitalizations_Ages_18to29,Hospitalizations_Ages_30to39,Hospitalizations_Ages_40to49,Hospitalizations_Ages_50to59,Hospitalizations_Ages_60to69,Hospitalizations_Ages_70to79,Hospitalizations_Ages_80+,Hospitalizations_Ages_Unknown,Hospitalizations_Female,Hospitalizations_Male,Hospitalizations_Unknown_Gender,Hospitalizations_Latinx,Hospitalizations_Asian_NonLatinx,Hospitalizations_Black_NonLatinx,Hospitalizations_White_NonLatinx,Hospitalizations_Other_Race NonLatinx,Hospitalizations_UnknownRace_Ethnicity
3/1/2020,0,0,2,0,0,0,0,0,0,0,0,0,0,0,0,0,0,0,0,0,0,0,0,0,0,0,0,0,0,0,0,0,0,0,0,0,0,0,0,0,0,1,0,0,0,1,0,0,1,1,0,0,0,0,2,0,0
3/2/2020,0,0,1,0,0,0,0,0,0,0,0,0,0,0,0,0,0,0,0,0,0,0,0,0,0,0,0,0,0,0,0,0,0,0,0,0,0,0,0,0,1,0,0,0,0,0,0,0,1,0,0,1,0,0,0,0,0
3/3/2020,0,0,3,0,0,0,0,0,0,0,0,0,0,0,0,0,0,0,0,0,0,0,0,0,0,0,0,0,0,0,0,0,0,0,0,0,0,0,0,0,0,1,2,0,0,0,0,0,1,2,0,0,0,3,0,0,0
3/4/2020,0,0,2,0,0,0,0,0,0,0,0,0,0,0,0,0,0,0,0,0,0,0,0,0,0,0,0,0,0,0,0,0,0,0,0,0,0,0,0,0,0,0,0,1,0,1,0,0,0,2,0,0,0,1,1,0,0
3/5/2020,1,0,5,0,0,0,0,1,0,0,0,0,1,0,0,0,0,1,0,0,0,0,0,0,0,0,0,0,0,0,0,0,0,0,0,0,0,0,0,0,0,1,1,1,2,0,0,0,2,3,0,0,0,2,3,0,0
3/6/2020,3,0,2,0,0,0,2,0,1,0,0,0,0,3,0,0,0,0,2,1,0,0,0,0,0,0,0,0,0,0,0,0,0,0,0,0,0,0,0,0,0,0,1,0,0,1,0,0,1,1,0,0,0,1,1,0,0
3/7/2020,3,0,3,0,0,0,0,1,0,2,0,0,3,0,0,0,0,2,1,0,0,0,0,0,0,0,0,0,0,0,0,0,0,0,0,0,0,0,0,0,0,0,2,0,0,0,1,0,1,2,0,0,0,1,1,1,0
3/8/2020,3,0,7,0,0,1,1,0,0,1,0,0,1,2,0,1,0,0,2,0,0,0,0,0,0,0,0,0,0,0,0,0,0,0,0,0,0,0,0,0,0,1,0,2,0,2,2,0,3,4,0,2,0,4,1,0,0
3/9/2020,5,0,3,3,0,0,0,0,0,1,1,0,3,2,0,2,1,1,1,0,0,0,0,0,0,0,0,0,0,0,0,0,0,0,0,0,0,0,0,0,0,1,1,0,0,1,0,0,1,2,0,1,0,0,1,1,0
3/10/2020,11,0,4,1,2,3,2,0,0,2,1,0,8,3,0,0,1,1,7,2,0,0,0,0,0,0,0,0,0,0,0,0,0,0,0,0,0,0,0,0,1,0,0,0,2,0,1,0,2,2,0,0,0,3,0,1,0
3/11/2020,13,0,7,0,4,1,3,3,2,0,0,0,4,9,0,2,0,5,6,0,0,0,0,0,0,0,0,0,0,0,0,0,0,0,0,0,0,0,0,0,0,0,3,2,2,0,0,0,4,3,0,1,0,5,1,0,0
3/12/2020,21,0,7,0,6,5,2,4,3,1,0,0,6,15,0,2,0,2,15,0,2,0,0,0,0,0,0,0,0,0,0,0,0,0,0,0,0,0,0,0,0,1,0,1,3,2,0,0,3,4,0,0,1,4,2,0,0
3/13/2020,32,0,8,0,4,13,5,5,5,0,0,0,8,24,0,4,2,5,18,0,3,0,0,0,0,0,0,0,0,0,0,0,0,0,0,0,0,0,0,0,0,1,0,1,4,2,0,0,3,5,0,1,0,3,4,0,0
3/14/2020,31,0,9,0,9,2,7,6,3,3,1,0,18,13,0,2,2,10,17,0,0,0,0,0,0,0,0,0,0,0,0,0,0,0,0,0,0,0,0,0,0,0,1,2,1,3,2,0,7,2,0,2,0,4,3,0,0
3/15/2020,40,0,20,0,3,8,9,8,5,4,3,0,13,27,0,6,4,12,16,0,2,0,0,0,0,0,0,0,0,0,0,0,0,0,0,0,0,0,0,0,1,2,5,3,4,4,1,0,6,14,0,4,2,10,4,0,0
3/16/2020,78,1,14,1,14,21,18,12,7,4,1,0,37,41,0,8,6,26,30,1,7,0,0,0,0,0,1,0,0,0,1,0,0,0,0,1,0,0,0,0,1,0,6,3,2,1,1,0,4,10,0,1,0,10,3,0,0
3/17/2020,96,1,21,0,15,21,18,17,19,2,4,0,37,59,0,7,3,39,40,3,4,0,0,0,0,1,0,0,0,0,0,1,0,0,0,1,0,0,0,0,2,1,2,4,6,3,3,0,6,15,0,3,0,14,4,0,0
3/18/2020,162,1,33,2,31,32,40,23,18,11,5,0,80,82,0,20,8,64,62,3,5,0,0,0,0,0,0,0,1,0,1,0,0,0,0,1,0,0,0,0,0,2,4,6,8,8,5,0,9,24,0,5,3,17,7,0,1
3/19/2020,183,2,35,5,34,47,35,25,18,17,2,0,86,97,0,20,10,79,63,7,4,0,0,0,0,0,0,1,1,0,1,1,0,0,0,1,1,0,0,0,1,2,7,9,6,9,1,0,15,20,0,4,1,22,7,1,0
3/20/2020,155,0,42,2,23,22,32,30,27,15,4,0,72,83,0,20,6,78,38,4,9,0,0,0,0,0,0,0,0,0,0,0,0,0,0,0,0,0,0,0,3,2,6,10,13,7,1,0,18,24,0,7,1,28,5,1,0
3/21/2020,125,2,49,0,18,25,20,28,16,13,5,0,53,72,0,25,6,61,26,3,4,0,0,0,0,0,1,0,1,0,0,2,0,0,0,2,0,0,0,0,3,4,7,14,8,10,3,0,19,30,0,11,3,25,9,0,1
3/22/2020,168,2,56,6,23,27,31,37,24,14,6,0,74,94,0,22,6,82,50,5,3,0,0,0,1,1,0,0,0,0,0,2,0,0,0,1,0,1,0,0,5,6,10,12,10,9,4,0,27,29,0,10,4,35,5,2,0
3/23/2020,290,3,93,4,46,55,53,56,30,35,11,0,141,149,0,37,13,135,74,11,20,1,1,0,0,0,0,1,0,0,0,3,0,0,0,3,0,0,0,1,4,14,11,16,16,22,9,0,44,49,0,14,5,58,11,4,1
3/24/2020,350,2,98,1,59,67,58,56,61,34,14,0,158,192,0,63,13,156,84,9,25,0,0,0,0,0,2,0,0,0,0,2,0,1,0,1,0,0,0,1,3,10,12,21,21,19,11,0,43,55,0,20,0,60,15,2,1
3/25/2020,367,5,104,2,51,71,72,82,33,36,20,0,169,198,0,49,10,186,86,18,18,0,0,1,0,1,1,0,2,0,3,2,0,1,0,3,1,0,0,0,5,14,13,22,12,24,14,0,45,59,0,11,2,78,12,1,0
3/26/2020,413,2,116,2,65,74,78,96,53,36,9,0,181,232,0,78,12,197,92,13,21,0,0,0,0,0,0,1,1,0,0,2,0,0,1,1,0,0,0,0,7,10,19,21,24,25,10,0,51,65,0,22,1,73,17,2,1
3/27/2020,404,8,138,4,43,61,86,103,49,36,22,0,212,192,0,68,9,209,69,12,37,0,0,0,1,1,3,3,0,0,3,5,0,2,0,4,2,0,0,1,4,8,25,35,30,19,16,0,69,69,0,15,6,101,11,3,2
3/28/2020,248,4,116,2,27,54,36,44,38,28,19,0,138,110,0,37,5,133,42,11,20,0,0,0,0,2,0,1,1,0,1,3,0,1,0,2,1,0,0,1,5,9,17,30,17,20,17,0,63,53,0,20,1,75,14,5,1
3/29/2020,282,20,117,4,29,48,54,50,50,30,17,0,128,154,0,55,11,145,38,10,23,0,1,0,1,4,4,6,4,0,3,17,0,2,2,14,2,0,0,0,5,11,21,21,23,22,14,0,54,63,0,20,3,82,9,2,1
3/30/2020,439,12,145,6,54,78,81,82,59,43,36,0,217,222,0,85,12,210,78,17,37,0,0,1,1,2,2,5,1,0,4,8,0,3,1,6,2,0,0,0,9,9,12,30,31,32,22,0,63,82,0,24,2,95,17,6,1
3/31/2020,490,16,133,5,57,104,97,92,69,39,27,0,260,230,0,107,16,221,83,16,47,0,0,0,4,1,0,5,6,0,6,10,0,2,0,14,0,0,0,1,6,11,22,28,24,22,19,0,58,75,0,26,3,81,17,3,3
4/1/2020,462,24,154,3,57,69,87,85,91,41,29,0,246,216,0,99,19,223,63,16,42,0,0,1,1,1,7,6,8,0,12,12,0,3,1,20,0,0,0,1,3,13,20,35,37,24,21,0,71,83,0,29,4,92,21,4,4
4/2/2020,437,15,143,2,59,69,85,91,58,40,33,0,211,226,0,88,12,226,56,18,37,0,0,0,1,2,1,7,4,0,5,10,0,2,2,9,2,0,0,1,8,14,24,24,30,23,19,0,59,84,0,30,3,85,19,5,1
4/3/2020,467,24,137,2,71,64,77,94,80,49,30,0,255,212,0,114,24,184,81,17,47,0,0,1,2,2,4,6,9,0,11,13,0,3,0,19,2,0,0,1,7,7,21,21,33,28,19,0,65,71,1,30,4,83,15,1,4
4/4/2020,327,22,134,2,34,39,61,70,63,33,25,0,153,174,0,69,15,143,43,18,39,0,0,0,3,4,4,4,7,0,13,9,0,3,0,14,4,1,0,0,3,9,16,31,35,21,19,0,62,72,0,33,9,69,17,3,3
4/5/2020,292,26,112,3,31,50,49,73,42,20,24,0,127,165,0,71,11,109,54,11,36,0,0,0,2,5,2,10,7,0,8,18,0,5,0,18,3,0,0,0,3,7,19,25,21,19,18,0,42,70,0,26,9,60,12,2,3
4/6/2020,583,22,164,5,78,96,103,110,94,56,41,0,302,280,1,137,22,234,99,27,64,0,0,0,2,5,1,8,6,0,9,13,0,3,0,16,3,0,0,0,3,19,10,35,50,25,22,0,95,69,0,34,9,95,20,3,3
4/7/2020,556,25,159,2,83,106,94,84,80,55,52,0,295,261,0,165,15,201,91,27,57,0,0,0,1,5,4,10,5,0,11,14,0,6,0,16,1,2,0,0,4,9,11,28,42,31,34,0,73,86,0,32,7,85,32,3,0
4/8/2020,705,36,131,11,86,100,107,155,129,69,48,0,352,352,1,171,20,303,105,31,75,0,0,0,1,7,8,9,11,0,13,23,0,3,2,22,9,0,0,1,1,11,13,28,31,24,22,0,49,81,1,32,5,68,21,5,0
4/9/2020,576,25,127,9,83,102,104,129,74,40,35,0,260,316,0,174,24,210,85,29,54,0,0,0,0,3,7,5,10,0,13,12,0,5,1,14,5,0,0,1,5,10,16,30,23,23,19,0,55,71,1,26,4,67,25,4,1
4/10/2020,571,32,131,22,80,101,99,107,85,42,35,0,257,312,2,170,26,211,77,26,61,0,0,1,3,3,3,9,13,0,11,21,0,3,2,24,3,0,0,0,7,5,21,15,32,23,28,0,56,75,0,46,4,61,16,4,0
4/11/2020,397,33,112,7,53,71,65,83,54,38,26,0,184,213,0,103,17,146,54,15,62,0,0,1,1,6,7,10,8,0,15,18,0,8,2,21,2,0,0,2,2,6,13,23,24,25,17,0,49,63,0,28,5,62,11,4,2
4/12/2020,341,33,106,28,32,56,54,60,46,34,31,0,144,196,1,92,7,116,56,21,49,0,0,1,2,3,11,6,10,0,16,17,0,4,1,20,8,0,0,0,2,6,14,24,19,24,17,0,47,59,0,25,3,57,20,1,0
4/13/2020,694,33,116,10,99,115,127,160,91,53,39,0,353,340,1,238,25,216,96,31,88,0,0,1,5,3,8,7,9,0,15,18,0,11,2,17,3,0,0,1,3,7,8,28,17,24,28,0,51,65,0,25,6,58,21,5,1
4/14/2020,666,33,125,16,102,121,122,126,78,51,50,0,356,310,0,233,24,197,97,33,82,0,1,2,1,3,5,9,12,0,11,22,0,8,2,13,10,0,0,2,6,10,13,24,23,22,25,0,55,70,0,40,4,55,22,3,1
4/15/2020,632,31,120,21,92,109,110,124,86,46,44,0,307,325,0,232,21,180,68,45,86,0,1,1,3,2,5,5,14,0,8,23,0,9,3,15,4,0,0,1,6,10,14,23,28,26,12,0,50,70,0,41,1,52,20,4,2
4/16/2020,679,31,116,8,118,114,119,121,95,63,41,0,321,356,2,234,16,203,91,27,108,0,0,0,2,3,6,8,12,0,14,17,0,5,3,16,7,0,0,0,3,6,11,26,23,25,22,0,42,73,1,33,2,57,16,6,2
4/17/2020,777,43,115,16,129,126,143,144,119,49,51,0,387,379,11,286,23,205,119,46,98,0,0,1,2,5,7,13,15,0,14,29,0,11,2,19,11,0,0,3,5,9,12,25,26,20,15,0,53,62,0,41,6,45,14,5,4
4/18/2020,535,39,122,13,89,101,96,90,81,44,21,0,247,288,0,182,19,160,60,19,95,0,0,0,3,4,8,12,12,0,20,19,0,12,5,20,2,0,0,1,4,13,13,26,31,23,11,0,44,78,0,40,3,58,15,4,2
4/19/2020,459,35,119,7,66,60,66,75,75,50,60,0,207,252,0,143,21,176,55,21,43,0,0,0,3,7,7,5,13,0,11,24,0,13,2,13,5,2,0,1,11,2,14,26,21,22,22,0,55,64,0,46,4,48,16,3,2
4/20/2020,990,40,126,24,158,181,212,193,122,58,41,1,484,504,2,406,25,247,118,44,150,0,0,1,1,4,6,10,18,0,15,25,0,11,2,15,11,1,0,1,5,12,16,26,24,18,24,0,57,69,0,45,5,49,20,5,2
4/21/2020,875,36,113,20,148,164,160,154,109,56,64,0,439,436,0,358,13,209,118,38,139,0,1,0,3,0,7,11,14,0,14,22,0,12,2,18,4,0,0,1,2,6,9,20,22,26,27,0,45,68,0,35,3,50,21,2,2
4/22/2020,1057,45,112,33,170,170,168,206,150,65,95,0,547,506,4,432,24,240,109,54,198,0,0,3,2,5,15,8,12,0,20,25,0,8,0,27,9,1,0,0,4,8,17,20,27,14,22,0,53,59,0,36,5,43,21,6,1
4/23/2020,1467,36,121,32,194,206,223,240,245,160,167,0,772,676,19,480,21,382,180,75,329,0,1,1,4,3,9,8,10,0,9,27,0,13,2,14,7,0,0,1,4,8,12,18,29,24,25,0,56,65,0,42,6,47,20,4,2
4/24/2020,1076,54,119,30,177,172,186,191,158,73,89,0,504,545,27,419,29,222,147,58,201,0,1,2,0,6,12,15,18,0,19,35,0,14,2,22,16,0,0,3,1,18,10,21,28,18,20,0,58,61,0,45,3,46,18,6,1
4/25/2020,632,38,83,32,121,119,132,106,67,31,24,0,306,323,3,265,14,107,77,23,146,0,0,2,1,6,6,11,12,0,14,24,0,12,2,19,5,0,0,0,4,5,8,17,23,14,12,0,36,47,0,29,1,34,15,4,0
4/26/2020,434,51,90,12,83,55,96,67,57,32,32,0,228,205,1,150,18,90,61,23,92,0,1,0,4,3,13,11,19,0,22,29,0,18,2,23,8,0,0,0,7,4,16,15,17,16,15,0,42,48,0,33,2,30,19,5,1
4/27/2020,1158,35,118,42,234,201,232,207,125,53,64,0,573,558,27,522,23,206,108,60,239,0,0,0,1,3,4,14,13,0,11,24,0,8,1,19,7,0,0,0,9,7,10,22,24,17,29,0,57,61,0,32,3,56,19,7,1
4/28/2020,1324,56,131,68,247,232,253,248,156,68,52,0,620,675,29,582,17,243,111,83,288,0,0,0,3,5,9,10,29,0,23,33,0,13,5,26,12,0,0,1,8,12,18,30,19,23,20,0,56,75,0,44,6,50,23,8,0
4/29/2020,1152,44,118,54,208,231,219,201,118,62,59,0,537,589,26,517,17,172,116,47,283,0,1,1,4,4,5,9,20,0,21,23,0,16,3,13,12,0,0,0,6,10,14,18,25,18,27,0,55,63,0,41,4,36,28,5,4
4/30/2020,1271,40,118,57,230,221,227,188,150,96,102,0,619,628,24,546,23,214,147,48,293,0,0,3,0,4,8,11,14,0,17,23,0,13,1,18,8,0,0,0,10,9,8,24,26,19,22,0,51,67,0,41,5,41,23,5,3
5/1/2020,1168,39,94,59,222,221,204,193,133,68,68,0,615,523,30,537,26,194,110,46,255,0,1,0,1,4,12,8,13,0,14,25,0,12,1,15,10,0,1,0,12,6,10,11,15,27,13,0,44,50,0,29,3,46,14,1,1
5/2/2020,719,49,126,25,142,126,154,143,74,40,15,0,343,372,4,359,9,110,54,20,167,0,0,0,1,8,14,11,15,0,20,29,0,11,3,24,10,1,0,1,8,6,22,22,25,26,16,0,54,72,0,48,3,50,16,6,3
5/3/2020,468,45,95,10,97,78,76,81,68,31,27,0,211,248,9,199,8,115,41,23,82,0,0,0,2,4,13,13,13,0,20,25,0,20,0,16,9,0,0,2,9,14,7,17,18,10,18,0,45,50,0,41,1,33,13,3,4
5/4/2020,1120,48,95,57,218,223,243,177,109,53,40,0,554,548,18,523,24,176,98,45,254,0,1,0,0,4,10,15,18,0,23,25,0,17,2,20,9,0,0,1,7,5,10,11,19,26,16,0,41,54,0,29,6,39,14,3,4
5/5/2020,1090,58,120,53,206,206,218,206,125,49,27,0,549,503,38,492,16,162,96,50,274,0,1,1,1,0,10,17,28,0,27,31,0,17,5,21,14,0,1,1,9,9,15,27,26,18,15,0,60,60,0,41,4,51,19,5,0
5/6/2020,973,44,98,55,189,161,213,170,94,53,38,0,473,468,32,469,13,146,89,39,217,0,0,1,3,5,11,10,14,0,14,30,0,13,5,14,12,0,0,2,0,6,12,19,21,20,18,0,40,58,0,38,1,37,18,4,0
5/7/2020,938,49,95,58,179,194,171,147,116,40,33,0,481,447,10,439,11,127,90,45,226,0,0,2,2,8,14,10,13,0,20,29,0,16,3,19,9,1,1,2,2,11,12,10,27,16,15,0,38,57,0,40,2,34,15,3,1
5/8/2020,923,44,66,52,169,191,196,154,83,44,34,0,443,465,15,442,17,138,77,41,208,0,0,0,1,4,13,12,14,0,21,23,0,15,0,15,14,0,0,0,3,6,7,11,11,9,19,0,31,35,0,26,2,28,7,1,2
5/9/2020,520,53,68,33,104,100,98,90,54,28,13,0,263,255,2,245,9,91,38,17,120,0,1,0,4,6,6,11,25,0,24,29,0,26,3,15,8,1,0,1,7,6,8,12,14,11,9,0,34,34,0,29,1,24,11,1,2
5/10/2020,307,38,78,17,60,52,64,42,41,14,17,0,138,169,0,121,7,65,37,14,63,0,0,1,3,2,11,8,13,0,14,24,0,16,1,14,6,1,0,2,7,5,11,7,25,12,9,0,31,47,0,36,3,26,10,3,0
5/11/2020,1017,38,104,62,206,197,192,142,118,69,31,0,517,494,6,533,14,162,83,29,196,0,0,1,3,6,3,6,19,0,14,24,0,16,0,15,7,0,0,4,4,10,13,17,24,22,10,0,38,66,0,41,3,34,18,7,1
5/12/2020,942,46,94,64,177,177,182,163,92,49,38,0,493,446,3,446,11,172,101,22,190,0,0,4,2,4,10,7,19,0,12,34,0,21,2,19,4,0,0,1,7,14,6,20,18,14,14,0,43,51,0,44,2,35,11,1,1
5/13/2020,875,45,89,56,189,165,163,135,95,40,32,0,449,420,6,425,15,124,70,27,214,0,0,2,3,4,13,10,13,0,17,28,0,18,5,15,6,1,0,2,3,5,10,17,24,17,11,0,49,40,0,37,2,38,8,2,2
5/14/2020,775,45,100,49,166,151,132,109,95,43,30,0,396,368,11,329,13,162,74,33,164,1,0,4,1,5,5,7,22,0,22,23,0,13,4,21,6,1,0,2,5,5,14,9,34,19,12,0,43,57,0,36,2,41,16,4,1
5/15/2020,970,49,78,80,186,201,166,136,101,64,36,0,537,424,9,450,10,156,84,35,235,0,0,2,1,7,14,12,13,0,16,33,0,19,0,13,15,2,0,0,12,7,14,8,13,11,13,0,46,32,0,26,1,33,15,0,3
5/16/2020,514,28,75,35,106,87,93,77,59,35,22,0,277,232,5,203,11,95,52,15,138,0,0,1,3,0,6,4,14,0,8,20,0,9,1,12,6,0,0,2,9,4,10,13,11,15,11,0,37,38,0,26,4,28,10,2,5
5/17/2020,326,41,70,17,53,58,37,65,44,22,30,0,156,167,3,142,6,71,30,15,62,0,0,1,1,3,14,9,13,0,16,25,0,18,2,13,7,1,0,0,2,5,6,14,22,11,10,0,31,39,0,26,3,22,12,3,4
5/18/2020,945,33,85,67,235,152,190,149,83,46,23,0,494,440,11,433,10,152,71,37,242,0,0,2,2,2,5,10,12,0,13,20,0,10,1,13,9,0,0,1,11,8,10,16,10,14,15,0,42,43,0,32,0,35,13,4,1
5/19/2020,891,27,72,78,211,171,148,131,85,39,28,0,450,435,6,429,14,142,73,39,194,0,1,1,3,6,5,6,5,0,8,19,0,11,2,11,3,0,0,5,3,9,12,13,14,8,8,0,39,33,0,29,1,28,10,3,1
5/20/2020,771,29,69,58,210,132,138,107,72,36,18,0,403,361,7,359,4,149,64,24,171,0,1,1,1,6,10,4,6,0,7,22,0,15,3,7,4,0,0,3,7,4,7,7,15,15,11,0,37,32,0,23,1,34,7,1,3
5/21/2020,800,34,80,75,175,137,119,122,78,51,43,0,414,369,17,370,24,133,55,28,190,0,0,1,0,3,13,11,6,0,14,20,0,17,1,6,10,0,0,1,5,10,12,11,19,14,8,0,38,42,0,31,8,32,5,3,1
5/22/2020,724,36,68,64,155,135,125,112,74,35,24,0,369,347,8,352,10,145,64,29,124,0,0,0,1,6,10,8,11,0,16,20,0,12,2,14,8,0,0,0,7,10,6,8,13,14,10,0,26,42,0,31,3,26,5,0,3
5/23/2020,327,30,67,31,63,58,54,54,35,18,14,0,176,150,1,125,8,71,33,13,77,0,1,1,1,2,4,9,12,0,16,14,0,10,0,9,11,0,0,3,7,5,9,8,19,7,9,0,28,39,0,27,3,31,3,2,1
5/24/2020,279,27,70,16,55,42,48,33,47,22,16,0,149,130,0,122,2,50,17,12,76,0,0,0,4,2,6,8,7,0,14,13,0,9,0,12,6,0,0,0,6,5,3,14,22,10,10,0,39,31,0,24,1,30,8,4,3
5/25/2020,252,23,60,7,34,35,41,43,49,26,17,0,123,125,4,75,6,69,46,3,53,0,0,1,0,4,4,7,7,0,11,12,0,5,0,10,7,1,0,2,7,3,5,6,12,10,15,0,30,30,0,18,2,31,5,1,3
5/26/2020,755,23,52,61,161,129,138,128,76,40,22,0,395,354,6,359,15,118,62,36,165,0,0,0,0,2,8,9,4,0,8,15,0,7,1,12,3,0,0,2,3,6,5,17,9,5,5,0,27,25,0,18,0,24,8,1,1
5/27/2020,615,26,50,70,125,101,116,83,66,32,22,0,318,288,9,305,9,106,51,21,123,0,0,2,1,1,7,7,8,0,10,16,0,10,1,10,5,0,0,0,4,6,10,6,8,8,8,0,22,28,0,18,1,15,14,1,1
5/28/2020,523,22,54,41,111,89,98,69,62,27,26,0,261,255,7,214,7,115,59,14,114,0,0,0,1,5,1,4,11,0,11,11,0,10,0,7,5,0,0,3,2,4,5,7,12,7,14,0,29,25,0,23,2,17,10,1,1
5/29/2020,460,20,39,33,115,70,85,75,42,18,22,0,249,207,4,217,9,100,35,17,82,0,0,0,1,3,5,6,5,0,11,9,0,7,0,10,2,1,0,3,0,2,5,10,7,6,6,0,24,15,0,7,1,22,7,2,0
5/30/2020,238,21,40,22,54,41,43,41,23,9,5,0,131,105,2,99,4,43,21,13,58,0,0,0,2,1,7,5,6,0,11,10,0,11,0,5,4,1,0,1,4,1,6,9,8,5,6,0,16,24,0,12,2,15,7,1,3
5/31/2020,121,22,29,16,28,20,22,12,13,5,5,0,59,61,1,45,1,40,7,0,28,0,0,0,3,2,5,6,6,0,8,14,0,8,0,8,6,0,0,3,3,2,2,4,11,2,2,0,11,18,0,7,1,19,0,0,2
6/1/2020,235,21,51,21,51,35,33,35,17,17,26,0,137,97,1,88,8,50,36,10,43,0,0,0,1,2,4,4,10,0,12,9,0,6,1,10,4,0,0,1,3,9,6,9,6,9,8,0,26,25,0,17,0,26,6,0,2
6/2/2020,244,25,37,14,33,44,44,31,34,18,26,0,116,107,21,84,12,49,19,10,70,0,0,1,0,3,3,4,14,0,12,13,0,15,2,5,3,0,0,0,4,3,1,7,8,9,5,0,17,20,0,17,2,10,8,0,0
6/3/2020,280,20,42,23,61,47,41,44,32,18,14,0,154,126,0,111,3,67,26,17,56,0,2,0,0,0,1,8,9,0,10,10,0,9,0,7,4,0,0,1,6,5,2,3,13,7,5,0,20,22,0,12,0,23,6,0,1
6/4/2020,319,15,24,27,91,63,54,40,26,10,8,0,160,156,3,146,5,65,26,9,68,0,0,2,1,0,6,4,2,0,6,9,0,6,1,8,0,0,0,0,5,1,5,3,6,3,1,0,14,10,0,8,1,9,4,1,1
6/5/2020,339,17,33,33,76,70,51,51,30,18,10,0,172,166,1,180,5,51,29,12,62,0,0,0,0,3,1,9,4,0,10,7,0,5,0,7,5,0,0,0,5,5,5,8,2,7,1,0,17,16,0,13,0,14,3,2,1
6/6/2020,170,20,30,18,33,22,36,28,20,9,4,0,88,81,1,82,1,25,24,7,31,0,0,1,1,0,7,7,4,0,7,13,0,8,1,9,2,0,0,0,5,4,2,4,9,2,4,0,10,20,0,12,0,11,6,0,1
6/7/2020,110,20,27,3,30,29,16,13,8,7,4,0,52,58,0,44,3,22,9,3,29,0,0,1,2,1,8,1,7,0,7,13,0,10,0,8,2,0,0,0,5,5,5,4,4,4,0,0,16,11,0,13,2,9,1,1,1
6/8/2020,274,15,31,21,63,48,49,41,24,15,13,0,138,134,2,137,3,45,30,10,49,0,0,1,1,2,2,3,6,0,6,9,0,5,1,5,3,1,0,1,5,1,4,7,4,3,6,0,17,14,0,9,2,12,6,2,0
6/9/2020,254,23,25,19,49,34,46,44,38,14,10,0,114,136,4,113,3,38,37,12,51,0,0,0,2,6,5,4,6,0,7,16,0,11,0,10,2,0,0,0,0,0,6,5,3,4,7,0,9,16,0,5,0,14,5,1,0
6/10/2020,233,12,23,10,57,46,31,36,26,18,9,0,129,100,4,99,3,46,31,8,46,0,0,1,2,2,1,4,2,0,5,7,0,5,1,6,0,0,0,0,0,2,2,6,3,5,5,0,13,10,0,3,1,15,4,0,0
6/11/2020,203,10,23,19,63,27,29,33,19,9,4,0,108,90,5,95,3,35,28,6,36,0,0,0,1,1,2,2,4,0,4,6,0,3,1,4,2,0,0,0,4,4,2,5,3,2,3,0,7,16,0,12,0,8,3,0,0
6/12/2020,248,21,20,32,61,42,46,27,21,8,11,0,141,103,4,129,2,41,23,6,47,0,0,1,0,3,7,7,3,0,9,12,0,11,0,7,3,0,0,1,1,0,1,4,7,5,1,0,10,10,0,9,0,8,2,0,1
6/13/2020,121,18,17,13,26,19,14,22,14,7,6,0,67,54,0,47,0,22,14,9,29,0,0,0,0,3,5,5,5,0,11,7,0,3,1,6,8,0,0,0,2,0,4,2,3,1,5,0,9,8,0,6,0,7,4,0,0
6/14/2020,92,12,21,6,22,18,20,14,6,2,4,0,44,48,0,29,1,24,5,5,28,0,0,0,1,1,3,2,5,0,6,6,0,5,0,3,4,0,0,2,3,1,5,3,4,2,1,0,7,14,0,11,1,7,1,0,1
6/15/2020,235,20,27,36,57,42,34,30,25,9,2,0,131,102,2,101,6,51,22,8,47,0,0,0,1,1,2,5,11,0,9,11,0,5,2,4,8,0,1,4,3,3,1,5,8,0,3,0,17,10,0,11,1,10,5,0,0
6/16/2020,211,11,20,18,59,37,32,32,21,3,9,0,118,92,1,75,5,52,21,5,53,0,1,0,2,3,1,2,2,0,5,6,0,9,0,1,1,0,0,1,3,1,3,3,4,2,3,0,12,8,0,6,1,10,3,0,0
6/17/2020,219,21,23,18,57,33,32,30,23,13,13,0,109,109,1,99,3,43,33,4,37,0,0,0,1,3,7,5,5,0,11,10,0,9,1,7,4,0,0,1,2,3,2,3,4,5,3,0,13,10,0,6,0,14,3,0,0
6/18/2020,184,14,26,24,43,34,30,29,9,5,10,0,93,88,3,82,3,31,26,4,38,0,0,1,1,0,5,4,3,0,7,7,0,6,0,7,1,0,0,1,2,5,3,1,3,5,6,0,15,11,0,11,0,7,8,0,0
6/19/2020,220,15,32,28,69,38,29,24,16,9,7,0,112,106,2,91,2,50,27,12,38,0,0,0,1,3,3,2,6,0,7,8,0,3,1,5,6,0,0,3,3,2,4,5,7,4,4,0,16,16,0,10,0,17,5,0,0
6/20/2020,125,10,16,18,32,18,21,19,5,9,3,0,65,60,0,69,1,16,18,4,17,0,0,1,0,2,2,1,4,0,3,7,0,8,0,1,1,0,0,3,3,2,1,2,2,0,3,0,9,7,0,10,0,4,2,0,0
6/21/2020,48,11,13,4,16,11,3,7,2,4,1,0,29,19,0,16,1,11,6,4,10,0,0,1,0,1,3,3,3,0,6,5,0,4,0,3,4,0,0,1,2,0,1,2,3,3,1,0,8,5,0,6,0,4,2,1,0
6/22/2020,218,9,26,23,60,34,38,26,19,15,3,0,113,104,1,101,3,42,28,5,39,0,1,0,0,2,3,1,2,0,5,4,0,7,0,1,1,0,0,1,4,2,3,5,4,4,3,0,11,15,0,13,0,10,3,0,0
6/23/2020,234,8,20,12,72,43,37,27,17,17,9,0,117,116,1,93,7,43,51,5,35,0,0,0,0,0,3,2,3,0,3,5,0,3,0,4,1,0,0,0,2,1,4,4,3,3,3,0,11,9,0,7,0,7,4,2,0
6/24/2020,245,9,23,22,77,56,28,34,11,9,8,0,143,101,1,84,5,52,42,8,54,0,0,0,0,3,4,1,1,0,5,4,0,6,1,2,0,0,0,0,7,3,1,3,2,6,1,0,16,7,0,6,0,13,4,0,0
6/25/2020,249,11,16,22,70,65,36,21,20,11,4,0,124,125,0,85,4,61,42,8,49,0,0,1,3,0,2,2,3,0,6,5,0,7,0,3,1,0,0,0,2,1,2,3,3,4,1,0,7,9,0,6,0,9,1,0,0
6/26/2020,220,13,23,18,61,49,29,26,17,11,9,0,121,98,1,69,5,43,42,4,57,0,0,1,2,0,0,4,6,0,6,7,0,1,0,5,7,0,0,2,0,1,2,4,6,3,5,0,9,14,0,5,2,12,2,2,0
6/27/2020,130,5,13,11,41,21,23,14,10,7,3,0,64,66,0,45,2,35,21,4,23,0,0,0,0,0,1,2,2,0,4,1,0,1,0,3,1,0,0,1,3,0,1,1,4,0,3,0,9,4,0,6,0,6,1,0,0
6/28/2020,110,5,23,8,36,22,20,10,9,3,2,0,64,46,0,33,1,22,23,7,24,0,0,0,1,0,2,0,2,0,4,1,0,2,0,2,1,0,0,0,4,0,3,4,3,4,5,0,15,8,0,7,0,11,5,0,0
6/29/2020,280,7,25,22,89,56,36,40,17,9,11,0,138,140,2,103,2,63,52,9,51,0,0,0,0,0,2,2,3,0,4,3,0,3,0,2,2,0,0,1,4,2,2,5,6,1,4,0,10,15,0,10,0,10,4,0,1
6/30/2020,265,3,22,25,92,59,39,24,15,5,6,0,135,129,1,107,3,53,51,3,48,0,0,0,0,0,1,2,0,0,2,1,0,1,0,1,1,0,0,2,4,2,3,3,4,2,2,0,10,12,0,8,1,10,3,0,0
7/1/2020,266,13,17,17,98,51,32,27,25,6,10,0,154,111,1,92,2,66,59,3,44,0,0,0,3,2,2,2,4,0,5,8,0,6,0,4,3,0,0,0,0,0,1,5,4,3,4,0,8,9,0,5,0,8,3,0,1
7/2/2020,256,6,19,25,80,44,39,28,22,10,8,0,144,112,0,80,7,60,50,6,53,0,0,0,0,1,1,1,3,0,3,3,0,3,0,2,1,0,0,0,5,2,3,1,3,1,4,0,9,10,0,6,0,6,5,1,1
7/3/2020,176,5,23,14,53,36,26,18,16,9,4,0,107,68,1,43,2,44,31,10,46,0,0,0,0,0,2,1,2,0,3,2,0,1,0,4,0,0,0,4,1,1,5,3,4,3,2,0,10,13,0,3,0,13,5,1,1
7/4/2020,63,5,13,8,16,10,13,6,7,2,1,0,33,28,2,12,1,17,13,3,17,0,0,0,0,0,2,1,2,0,1,4,0,4,0,0,1,0,0,2,0,0,1,5,1,2,2,0,8,5,0,1,0,7,1,1,3
7/5/2020,89,3,14,6,29,19,14,11,8,2,0,0,53,35,1,24,0,20,19,7,19,0,0,0,1,1,1,0,0,0,0,3,0,1,0,1,1,0,0,0,2,1,4,2,1,1,3,0,4,10,0,4,1,5,4,0,0
7/6/2020,283,5,20,23,80,66,41,35,21,11,6,0,150,129,4,86,11,69,49,6,62,0,0,0,0,1,2,0,2,0,4,1,0,1,0,2,2,0,0,0,1,3,2,3,4,4,3,0,12,8,0,2,1,12,5,0,0
7/7/2020,342,4,23,35,107,69,55,45,19,8,4,0,184,157,1,101,12,90,73,12,54,0,0,0,0,0,3,0,1,0,3,1,0,3,0,1,0,0,0,0,2,3,2,5,4,5,2,0,8,15,0,4,2,12,4,1,0
7/8/2020,309,4,21,37,100,68,38,33,20,11,2,0,158,151,0,88,9,71,55,11,75,0,0,0,0,0,2,1,1,0,3,1,0,2,0,1,1,0,0,1,6,2,0,2,3,4,3,0,10,11,0,6,1,7,5,0,2
7/9/2020,288,8,27,27,93,58,41,34,23,7,5,0,135,152,1,85,4,89,61,8,41,0,0,0,0,1,2,5,0,0,4,4,0,3,0,3,2,0,0,0,4,3,1,10,5,2,2,0,12,15,0,7,2,14,4,0,0
7/10/2020,345,6,24,35,120,74,51,24,18,18,5,0,168,175,2,101,6,99,66,12,61,0,0,0,0,2,1,2,1,0,1,5,0,3,0,2,1,0,0,0,3,3,0,4,1,9,4,0,12,12,0,4,0,15,5,0,0
7/11/2020,153,2,16,8,68,22,22,13,12,8,0,0,78,75,0,34,3,41,35,13,27,0,1,0,0,0,0,1,0,0,0,2,0,0,0,2,0,0,0,0,5,1,1,1,3,4,1,0,7,9,0,4,0,11,1,0,0
7/12/2020,97,4,13,7,33,15,19,11,3,7,2,0,52,45,0,27,4,25,20,4,17,0,0,0,0,0,2,0,2,0,2,2,0,0,0,1,3,0,0,1,2,0,1,2,2,5,0,0,5,8,0,2,2,8,1,0,0
7/13/2020,337,3,24,36,99,69,45,35,31,7,15,0,194,142,1,126,7,90,59,8,47,0,1,0,0,0,1,0,1,0,1,2,0,1,0,1,1,0,0,2,2,4,2,5,4,3,2,0,13,11,0,8,2,9,4,1,0
7/14/2020,324,3,20,46,82,69,49,38,23,15,2,0,184,138,2,138,3,71,64,8,40,0,0,0,0,1,0,1,1,0,3,0,0,2,0,0,1,0,0,0,2,3,2,3,6,4,0,0,13,7,0,8,0,9,2,1,0
7/15/2020,268,7,19,30,84,51,33,34,18,12,6,0,150,118,0,97,4,83,41,11,32,0,0,0,0,2,2,1,2,0,3,4,0,1,0,6,0,0,0,0,5,2,1,2,3,4,2,0,11,8,0,6,0,8,4,1,0
7/16/2020,297,2,21,27,88,67,43,31,22,10,9,0,156,140,1,93,3,80,57,11,53,0,0,0,0,0,0,1,1,0,0,2,0,0,1,0,1,0,0,0,7,2,4,3,2,2,1,0,11,10,0,7,1,9,4,0,0
7/17/2020,326,3,20,35,103,66,48,35,21,13,5,0,168,156,2,127,6,77,54,17,45,0,0,0,0,2,0,0,1,0,1,2,0,2,0,1,0,0,0,0,5,2,5,1,2,3,2,0,10,10,0,3,0,12,4,0,1
7/18/2020,132,4,12,13,37,25,21,19,9,5,3,0,61,71,0,41,1,42,20,5,23,0,0,0,0,1,1,1,1,0,2,2,0,2,0,0,2,0,0,0,1,1,1,1,2,4,2,0,7,5,0,1,0,8,2,1,0
7/19/2020,100,2,16,14,27,23,9,14,6,6,1,0,53,46,1,26,2,32,25,3,12,0,0,0,1,0,1,0,0,0,1,1,0,1,0,1,0,0,0,2,1,1,4,5,1,1,1,0,9,7,0,1,0,11,3,0,1
7/20/2020,393,5,18,53,94,90,55,47,36,14,4,0,198,190,5,162,9,89,69,17,47,0,0,1,1,0,2,1,0,0,2,3,0,3,0,1,1,0,0,1,1,3,2,2,4,4,1,0,13,5,0,7,0,10,0,0,1
7/21/2020,291,1,30,25,83,57,55,31,23,8,9,0,144,147,0,91,3,90,52,18,37,0,0,0,0,0,1,0,0,0,1,0,0,1,0,0,0,0,0,0,3,5,6,2,5,4,5,0,14,16,0,7,1,14,6,0,2
7/22/2020,365,4,21,39,123,82,56,28,22,13,2,0,188,171,6,131,9,80,96,10,39,0,0,0,0,1,0,1,2,0,1,3,0,1,0,1,2,0,0,1,3,2,5,0,4,5,1,0,14,7,0,6,1,12,2,0,0
7/23/2020,319,3,26,33,101,68,43,36,17,12,9,0,190,128,1,92,14,81,75,14,43,0,0,0,1,0,0,2,0,0,2,1,0,1,0,2,0,0,0,0,3,6,2,5,3,5,2,0,13,13,0,13,1,8,3,1,0
7/24/2020,347,3,19,38,103,77,47,39,21,11,11,0,196,149,2,127,12,77,67,12,52,0,0,1,0,1,1,0,0,0,0,3,0,3,0,0,0,0,0,0,4,0,5,2,3,2,3,0,9,10,0,7,1,8,3,0,0
7/25/2020,156,8,17,29,34,33,25,16,7,9,3,0,79,77,0,59,7,32,32,8,18,0,0,0,1,1,3,1,2,0,4,4,0,2,0,3,3,0,0,0,0,3,3,1,4,3,3,0,10,7,0,2,0,10,4,1,0
7/26/2020,97,6,12,7,24,25,11,16,8,4,2,0,49,48,0,28,3,19,27,4,16,0,0,0,0,1,1,1,3,0,3,3,0,1,0,3,2,0,0,0,1,2,1,3,3,0,2,0,6,6,0,4,0,5,3,0,0
7/27/2020,362,1,16,51,102,66,50,40,30,14,9,0,193,166,3,173,11,81,51,9,37,0,0,0,0,0,0,1,0,0,1,0,0,1,0,0,0,0,0,0,2,2,2,4,0,2,4,0,7,9,0,4,3,6,2,0,1
7/28/2020,332,3,10,36,87,75,66,33,19,9,7,0,185,145,2,153,10,73,46,9,41,0,0,0,1,0,0,1,1,0,1,2,0,0,0,2,1,0,0,1,2,4,1,0,0,1,1,0,8,2,0,4,0,5,1,0,0
7/29/2020,446,3,12,56,131,94,68,51,28,12,6,0,233,208,5,181,7,99,90,18,51,0,0,0,1,0,1,0,1,0,2,1,0,1,0,2,0,0,0,1,3,1,5,1,1,0,0,0,3,9,0,5,0,4,2,1,0
7/30/2020,341,3,14,49,78,80,49,49,25,7,4,0,174,166,1,155,11,73,59,6,37,0,0,0,1,0,0,1,1,0,2,1,0,2,0,1,0,0,0,2,1,1,2,2,1,4,1,0,8,6,0,5,1,5,3,0,0
7/31/2020,392,2,15,46,112,82,64,42,31,8,7,0,208,181,3,185,6,78,75,11,37,0,0,0,0,1,0,0,1,0,1,1,0,1,0,1,0,0,0,1,2,3,1,1,5,1,1,0,8,7,0,5,1,6,3,0,0
8/1/2020,141,5,17,7,45,27,17,25,11,6,3,0,69,72,0,49,0,32,31,6,23,0,0,0,0,1,0,2,2,0,3,2,0,2,0,2,1,0,0,0,3,2,4,3,0,4,1,0,8,9,0,7,0,8,2,0,0
8/2/2020,96,3,17,11,21,29,10,6,12,6,1,0,45,50,1,26,2,28,24,6,10,0,0,0,2,0,0,1,0,0,0,3,0,1,0,1,1,0,0,0,3,6,2,2,1,2,1,0,10,7,0,5,0,8,3,1,0
8/3/2020,428,3,23,53,128,87,68,47,24,14,7,0,216,210,2,217,10,70,73,17,41,0,0,0,0,0,1,1,1,0,2,1,0,1,0,1,1,0,0,1,1,1,3,7,1,6,3,0,6,17,0,9,1,8,3,2,0
8/4/2020,369,2,26,50,105,69,53,39,33,16,4,0,202,164,3,169,10,69,65,17,39,0,0,0,0,0,1,0,1,0,1,1,0,0,0,2,0,0,0,0,4,2,4,2,6,6,2,0,15,11,0,6,3,13,4,0,0
8/5/2020,378,4,15,44,115,82,54,33,32,14,4,0,184,192,2,171,3,84,71,12,37,0,0,0,1,0,2,1,0,0,0,4,0,3,0,1,0,0,0,0,0,0,2,4,2,3,4,0,8,7,0,3,0,9,3,0,0
8/6/2020,349,4,15,38,113,73,52,31,22,11,9,0,179,169,1,138,6,85,77,15,28,0,0,0,0,0,2,1,1,0,3,1,0,1,1,1,1,0,0,0,4,1,0,5,1,1,3,0,6,9,0,4,0,6,5,0,0
8/7/2020,418,2,19,65,108,83,55,48,35,14,10,0,198,219,1,182,11,70,90,16,49,0,0,0,0,0,1,0,1,0,1,1,0,1,0,1,0,0,0,0,2,3,0,5,4,2,3,0,10,9,0,8,0,8,2,0,1
8/8/2020,177,3,11,22,56,27,32,18,14,3,5,0,94,81,2,66,6,39,40,7,19,0,0,0,1,1,0,1,0,0,0,3,0,2,0,1,0,0,0,0,0,0,2,2,3,1,3,0,4,7,0,5,1,5,0,0,0
8/9/2020,115,2,11,16,41,21,12,6,9,6,4,0,53,62,0,41,4,17,37,2,14,0,0,0,0,0,0,2,0,0,0,2,0,1,0,0,1,0,0,0,4,1,0,2,2,0,2,0,8,3,0,1,0,9,0,0,1
8/10/2020,376,1,17,41,108,68,63,49,24,18,5,0,186,189,1,185,9,58,69,14,41,0,0,0,0,0,0,1,0,0,0,1,0,1,0,0,0,0,0,2,1,1,2,2,3,3,3,0,8,9,0,2,2,5,7,1,0
8/11/2020,384,4,16,48,102,73,66,48,37,7,3,0,184,199,1,165,5,76,79,15,44,0,0,0,0,1,0,1,2,0,1,3,0,1,1,2,0,0,0,0,0,2,0,3,7,1,3,0,10,6,0,2,0,7,7,0,0
8/12/2020,433,2,24,51,117,93,73,53,29,10,7,0,226,205,2,176,1,81,94,19,62,0,0,0,0,0,1,0,1,0,1,1,0,1,0,1,0,0,0,1,2,1,3,4,8,3,2,0,10,14,0,10,0,9,3,1,1
8/13/2020,391,4,18,39,118,79,72,40,24,11,8,0,211,178,2,182,8,71,89,13,28,0,0,0,0,1,0,3,0,0,1,3,0,2,0,1,1,0,0,0,3,1,5,0,3,5,1,0,11,7,0,6,0,10,1,1,0
8/14/2020,347,3,19,54,86,64,59,40,26,10,8,0,179,164,4,136,5,68,79,14,45,0,0,0,0,0,1,1,1,0,1,2,0,1,0,2,0,0,0,0,1,2,2,1,4,5,4,0,11,8,0,3,0,13,3,0,0
8/15/2020,220,5,15,18,64,41,29,34,21,11,2,0,104,114,2,76,6,52,60,6,20,0,0,0,1,0,0,2,2,0,3,2,0,0,0,3,2,0,0,0,4,2,0,3,0,5,1,0,7,8,0,4,0,8,3,0,0
8/16/2020,120,3,13,10,40,28,9,15,10,6,1,1,56,62,2,27,5,17,42,9,20,0,0,1,0,1,0,1,0,0,2,1,0,0,0,1,2,0,0,0,4,0,1,1,5,0,2,0,8,4,1,6,1,4,1,0,1
8/17/2020,493,3,18,69,142,85,72,63,29,23,10,0,237,251,5,260,9,75,93,14,42,0,0,0,0,1,0,1,1,0,1,2,0,0,0,2,1,0,0,0,0,2,3,5,3,4,1,0,8,10,0,5,0,9,4,0,0
8/18/2020,412,1,11,50,130,79,60,46,22,21,4,0,211,200,1,189,8,61,95,9,50,0,0,0,0,0,0,0,1,0,0,1,0,0,0,1,0,0,0,1,2,3,1,0,0,2,2,0,7,4,0,4,0,5,2,0,0
8/19/2020,485,5,18,58,150,90,57,71,39,13,7,0,256,228,1,204,4,81,106,26,64,0,0,0,1,0,2,1,1,0,3,2,0,2,0,1,2,0,0,1,2,1,1,4,2,6,1,0,9,9,0,3,0,10,4,0,1
8/20/2020,423,3,15,48,120,86,64,58,33,10,4,0,236,185,2,176,8,69,106,16,48,0,0,0,1,0,2,0,0,0,2,1,0,2,0,0,1,0,0,0,2,3,3,3,3,1,0,0,10,5,0,7,1,2,5,0,0
8/21/2020,432,5,13,60,140,89,46,54,29,11,3,0,244,186,2,220,17,55,83,16,41,0,0,0,1,1,1,1,1,0,3,2,0,4,0,0,1,0,0,0,0,1,3,3,2,3,1,0,8,5,0,7,0,4,2,0,0
8/22/2020,191,2,14,18,59,32,28,26,16,10,2,0,96,93,2,68,5,28,55,11,24,0,0,0,0,0,1,0,1,0,1,1,0,1,0,1,0,0,0,1,1,1,2,2,1,6,0,0,10,4,0,1,0,9,4,0,0
8/23/2020,129,1,19,10,42,17,23,15,12,8,2,0,71,58,0,38,2,27,42,6,14,0,1,0,0,0,0,0,0,0,1,0,0,0,0,1,0,0,0,0,4,2,4,3,2,3,1,0,7,12,0,7,0,6,4,1,1
8/24/2020,556,3,21,91,135,109,97,66,31,18,7,2,290,259,7,291,10,61,117,19,58,0,0,0,0,0,0,2,1,0,0,3,0,1,0,1,1,0,0,3,2,4,1,3,4,1,3,0,7,14,0,6,1,7,5,2,0
8/25/2020,413,4,21,52,121,75,69,50,27,9,9,1,224,185,4,183,7,61,91,18,53,0,0,0,0,0,0,0,4,0,1,3,0,0,1,2,1,0,0,0,3,2,1,7,3,3,2,0,11,10,0,7,0,10,4,0,0
8/26/2020,388,3,24,48,126,82,44,44,23,12,9,0,196,191,1,191,5,41,92,19,40,0,0,0,1,0,0,1,1,0,0,3,0,1,0,1,1,0,0,1,4,2,1,5,3,4,4,0,13,11,0,11,1,6,3,2,1
8/27/2020,383,2,16,40,133,75,59,32,24,12,8,0,209,173,1,181,6,62,79,20,35,0,0,0,0,0,2,0,0,0,0,2,0,0,0,1,1,0,0,0,1,3,2,2,3,3,2,0,10,6,0,7,0,4,4,1,0
8/28/2020,382,4,16,66,109,61,50,47,29,15,5,0,184,198,0,165,7,67,81,14,48,0,0,1,0,1,0,2,0,0,4,0,0,2,0,2,0,0,0,1,1,1,3,1,2,3,4,0,8,8,0,4,0,10,1,1,0
8/29/2020,234,4,15,24,73,37,41,25,22,12,0,0,128,106,0,102,6,27,61,8,30,0,0,0,0,1,1,1,1,0,2,2,0,1,1,0,2,0,0,2,1,2,2,2,4,2,0,0,5,10,0,5,0,4,4,0,2
8/30/2020,100,5,18,12,24,16,18,14,8,4,4,0,49,51,0,26,1,22,32,5,14,0,0,0,0,0,0,3,2,0,4,1,0,1,0,4,0,0,0,2,2,1,1,2,4,1,5,0,9,9,0,6,0,8,4,0,0
8/31/2020,413,2,26,58,121,72,60,49,29,15,9,0,217,195,1,182,3,57,84,14,73,0,0,0,0,1,0,0,1,0,0,2,0,0,1,1,0,0,0,2,5,0,5,3,3,3,5,0,13,13,0,5,1,14,4,2,0
9/1/2020,331,3,11,34,97,70,39,45,32,8,6,0,178,153,0,131,4,57,80,6,53,0,0,0,0,0,2,1,0,0,2,1,0,2,0,0,1,0,0,0,1,1,4,1,1,1,2,0,4,7,0,3,0,5,2,1,0
9/2/2020,406,3,12,42,127,81,67,46,25,12,6,0,224,181,1,159,9,62,92,16,68,0,0,0,0,1,1,0,1,0,1,2,0,1,0,1,1,0,0,0,1,4,2,2,3,0,0,0,4,8,0,7,0,2,3,0,0
9/3/2020,341,3,14,36,103,60,51,49,23,13,6,0,181,159,1,138,6,57,87,5,48,0,0,0,0,1,0,0,2,0,1,2,0,3,0,0,0,0,0,0,4,2,1,2,2,2,1,0,7,7,0,6,0,5,2,1,0
9/4/2020,397,2,16,61,103,83,53,38,33,16,10,0,206,189,2,187,11,68,86,8,37,0,0,0,0,0,0,1,1,0,1,1,0,0,0,1,1,0,0,0,2,1,3,2,2,3,3,0,11,5,0,8,0,7,1,0,0
9/5/2020,203,3,18,23,61,40,34,21,17,6,1,0,94,109,0,85,3,27,49,4,35,0,0,0,0,1,0,1,1,0,1,2,0,2,0,1,0,0,0,0,1,2,3,3,4,2,3,0,11,7,0,6,0,6,6,0,0
9/6/2020,143,2,7,16,44,30,17,18,10,3,5,0,72,71,0,55,0,27,38,3,20,0,0,1,0,0,0,1,0,0,0,2,0,2,0,0,0,0,0,0,0,1,1,0,2,2,1,0,4,3,0,4,0,3,0,0,0
9/7/2020,72,1,10,4,19,17,5,10,11,3,3,0,39,33,0,21,0,23,15,3,10,0,0,0,0,0,0,1,0,0,0,1,0,0,0,1,0,0,0,0,1,4,1,0,2,1,1,0,6,4,0,5,0,3,1,0,1
9/8/2020,368,1,16,36,120,80,55,39,23,10,5,0,180,188,0,177,8,38,81,10,54,0,0,0,0,0,1,0,0,0,0,1,0,0,0,0,1,0,0,1,1,0,2,2,3,4,3,0,5,11,0,9,0,5,2,0,0
9/9/2020,401,5,14,41,133,74,54,46,37,11,5,0,218,183,0,198,12,57,87,9,38,0,0,0,0,1,1,2,1,0,4,1,0,5,0,0,0,0,0,0,1,0,4,3,1,4,1,0,7,7,0,6,0,5,2,1,0
9/10/2020,329,2,13,23,121,69,44,36,27,5,4,0,189,138,2,131,8,43,104,5,38,0,0,0,0,0,1,0,1,0,1,1,0,1,0,0,1,0,0,0,4,1,2,2,3,1,0,0,11,2,0,6,0,6,1,0,0
9/11/2020,343,5,16,51,94,83,40,37,21,14,3,0,171,171,1,151,6,40,86,13,47,0,0,1,0,2,0,1,1,0,0,5,0,4,0,1,0,0,0,0,1,2,1,4,5,1,2,0,7,9,0,10,1,3,2,0,0
9/12/2020,136,0,9,11,31,34,25,18,11,5,1,0,68,66,2,37,8,20,38,1,32,0,0,0,0,0,0,0,0,0,0,0,0,0,0,0,0,0,0,0,1,1,3,3,1,0,0,0,5,4,0,5,1,3,0,0,0
9/13/2020,124,3,17,13,37,30,19,13,9,3,0,0,62,62,0,38,2,16,42,5,21,0,0,0,0,0,0,1,2,0,2,1,0,1,0,2,0,0,0,2,3,2,0,4,3,2,1,0,10,7,0,9,0,3,5,0,0
9/14/2020,430,3,15,62,108,91,66,59,27,9,8,0,226,203,1,192,10,63,89,8,68,0,0,0,0,1,0,1,1,0,1,2,0,3,0,0,0,0,0,1,3,0,2,2,3,2,2,0,5,10,0,6,0,5,4,0,0
9/15/2020,353,1,14,54,101,67,47,42,26,13,3,0,189,164,0,157,6,47,90,12,41,0,0,0,0,0,1,0,0,0,1,0,0,0,0,1,0,0,0,0,2,0,3,1,3,3,2,0,7,7,0,6,1,5,2,0,0
9/16/2020,366,4,25,47,120,78,49,34,25,10,3,0,203,163,0,169,6,54,90,4,43,0,0,0,0,0,2,1,1,0,3,1,0,1,0,1,2,0,0,1,3,2,3,0,10,5,1,0,18,7,0,9,0,6,7,0,3
9/17/2020,393,0,16,38,123,89,53,40,30,11,9,0,190,202,1,133,13,49,124,12,62,0,0,0,0,0,0,0,0,0,0,0,0,0,0,0,0,0,0,2,1,2,3,4,3,1,0,0,7,9,0,6,0,2,7,1,0
9/18/2020,358,4,13,41,102,74,45,45,34,8,9,0,163,195,0,146,14,45,80,20,53,0,0,0,0,0,0,1,3,0,2,2,0,1,0,2,1,0,0,0,0,0,0,2,2,3,6,0,8,5,0,1,0,7,4,0,1
9/19/2020,170,2,12,11,49,41,23,24,16,2,4,0,89,79,2,64,2,19,41,13,31,0,0,0,0,0,0,0,2,0,1,1,0,0,0,1,1,0,0,1,1,1,0,2,3,2,2,0,8,3,1,7,0,4,1,0,0
9/20/2020,109,6,12,14,31,29,13,9,5,7,1,0,57,52,0,29,9,13,46,2,10,0,0,0,0,0,3,1,2,0,3,3,0,3,0,1,2,0,0,0,1,2,1,3,2,2,1,0,4,8,0,2,0,5,4,1,0
9/21/2020,421,2,18,51,123,85,57,46,34,18,7,0,216,202,3,211,5,43,89,15,58,0,0,0,0,0,0,1,1,0,1,1,0,0,0,0,2,0,0,0,3,2,2,3,4,2,2,0,12,6,0,10,0,7,1,0,0
9/22/2020,351,2,15,43,108,70,52,36,20,12,10,0,175,173,3,152,8,47,82,8,54,0,0,0,0,1,0,0,1,0,2,0,0,1,0,1,0,0,0,0,3,2,1,2,3,2,2,0,7,8,0,6,0,5,3,1,0
9/23/2020,391,6,21,49,118,89,59,38,27,6,5,0,189,194,8,154,8,44,95,22,68,0,0,0,1,0,1,2,2,0,2,4,0,0,0,4,2,0,0,1,4,4,4,3,2,2,1,0,14,7,0,10,0,4,7,0,0
9/24/2020,409,5,18,52,122,87,61,44,28,9,6,0,200,206,3,175,6,39,115,8,66,0,0,0,1,1,1,1,1,0,2,3,0,4,0,1,0,0,0,0,0,0,4,5,5,4,0,0,6,12,0,5,0,7,5,1,0
9/25/2020,380,3,22,44,102,78,66,46,26,12,6,0,202,176,2,170,12,51,56,12,79,0,0,0,1,1,0,0,1,0,1,2,0,1,0,2,0,0,0,2,2,4,6,1,4,3,0,0,7,15,0,7,0,9,3,1,2
9/26/2020,233,4,15,26,66,50,32,40,11,7,1,0,105,128,0,89,5,14,73,13,39,0,0,1,0,1,1,0,1,0,1,3,0,2,0,1,1,0,0,0,1,5,1,5,0,2,1,0,10,5,0,4,0,4,6,1,0
9/27/2020,168,1,20,15,52,32,24,22,11,9,3,0,94,74,0,50,2,27,43,10,36,0,0,0,0,0,0,1,0,0,0,1,0,1,0,0,0,0,0,0,2,2,6,2,4,4,0,0,12,8,0,6,1,8,4,0,1
9/28/2020,420,2,19,56,101,76,69,53,40,14,11,0,216,200,4,180,2,52,81,11,94,0,0,0,1,0,1,0,0,0,0,2,0,1,0,1,0,0,0,0,3,1,2,4,2,2,5,0,9,10,0,4,0,9,4,2,0
9/29/2020,381,6,19,47,105,72,65,45,26,17,4,0,196,184,1,162,15,43,83,16,62,0,0,1,0,0,3,1,1,0,2,4,0,3,0,2,1,0,0,1,1,5,1,3,4,2,2,0,10,9,0,9,2,5,2,0,1
9/30/2020,464,2,17,48,141,95,53,65,35,17,10,0,236,226,2,154,7,80,113,28,82,0,0,0,0,0,0,2,0,0,0,2,0,1,0,1,0,0,0,1,2,2,2,2,2,4,2,0,8,9,0,7,0,4,5,1,0
10/1/2020,364,4,18,50,123,69,41,49,15,15,2,0,176,187,1,148,6,28,94,24,64,0,0,0,0,2,1,1,0,0,1,3,0,2,1,1,0,0,0,1,0,4,1,3,6,2,1,0,10,8,0,7,1,8,2,0,0
10/2/2020,415,3,21,46,107,98,59,40,24,30,11,0,205,209,1,165,12,44,111,22,61,0,0,0,0,1,0,2,0,0,1,2,0,1,0,1,1,0,0,0,2,2,3,3,3,4,4,0,13,8,0,5,2,6,7,1,0
10/3/2020,226,3,21,26,57,46,35,27,20,9,6,0,121,105,0,71,6,33,59,9,48,0,0,0,0,1,1,0,1,0,1,2,0,2,0,1,0,0,0,0,1,4,2,1,7,4,2,0,10,11,0,8,0,9,4,0,0
10/4/2020,152,5,11,19,34,26,20,25,13,12,3,0,63,89,0,39,6,25,45,6,31,0,0,0,0,0,0,1,4,0,3,2,0,1,0,1,3,0,0,0,2,1,0,2,0,5,1,0,3,8,0,0,0,7,3,1,0
10/5/2020,553,3,12,54,157,117,95,66,38,22,4,0,266,286,1,206,13,96,112,19,107,0,0,0,0,0,0,1,2,0,2,1,0,0,0,1,2,0,0,0,1,3,1,0,3,3,1,0,4,8,0,5,0,4,3,0,0
10/6/2020,559,2,14,61,176,104,93,71,32,17,5,0,294,264,1,197,13,67,159,24,99,0,0,0,0,0,1,0,1,0,1,1,0,0,0,1,1,0,0,1,5,2,1,2,2,1,0,0,5,9,0,7,1,2,3,1,0
10/7/2020,549,1,7,59,163,118,85,63,34,18,9,0,269,278,2,197,8,69,136,18,121,0,0,0,0,0,1,0,0,0,0,1,0,0,0,1,0,0,0,0,2,0,1,0,1,2,1,0,2,5,0,1,0,3,3,0,0
10/8/2020,610,3,9,82,181,114,68,83,55,19,8,0,309,299,2,230,15,85,148,21,111,0,0,0,2,0,0,0,1,0,2,1,0,0,1,1,1,0,0,0,2,0,1,1,2,1,2,0,5,4,0,1,1,3,3,0,1
10/9/2020,668,4,8,67,172,168,100,69,52,27,13,0,325,341,2,246,10,91,180,33,108,0,0,0,1,0,1,1,1,0,0,4,0,1,0,0,2,0,1,2,0,1,1,0,1,2,1,0,4,4,0,1,0,4,3,0,0
10/10/2020,443,5,17,40,115,108,67,59,35,9,10,0,230,212,1,147,10,50,117,19,100,0,0,0,0,1,2,1,1,0,3,2,0,0,1,2,2,0,0,0,1,1,3,3,2,4,3,0,10,7,0,3,0,7,6,0,1
10/11/2020,301,4,22,22,94,59,43,37,30,9,7,0,126,174,1,88,7,49,99,11,47,0,0,0,0,1,1,0,2,0,0,4,0,2,0,1,1,0,0,0,2,3,3,4,5,2,3,0,9,13,0,7,1,5,7,0,2
10/12/2020,681,4,22,69,179,119,123,91,59,31,10,0,321,355,5,205,24,90,167,45,150,0,0,0,1,1,0,2,0,0,2,2,0,3,0,1,0,0,0,0,2,1,4,5,4,4,2,0,7,15,0,5,1,6,6,0,4
10/13/2020,881,5,18,90,254,194,134,108,58,24,19,0,449,429,3,368,18,122,194,43,136,0,0,0,0,0,2,2,1,0,1,4,0,1,0,3,1,0,0,2,2,1,4,3,3,1,2,0,11,7,0,6,1,4,4,3,0
10/14/2020,850,3,21,75,246,215,135,90,62,19,8,0,457,390,3,333,19,131,181,32,154,0,0,0,0,0,0,1,2,0,2,1,0,1,0,0,2,0,0,1,2,0,3,3,3,5,4,0,9,12,0,5,0,10,5,0,1
10/15/2020,907,2,21,86,266,213,112,115,72,28,15,0,463,442,2,362,19,112,214,32,168,0,0,0,0,1,1,0,0,0,1,1,0,0,0,2,0,0,0,1,2,5,2,2,5,2,2,0,12,9,0,5,0,11,4,1,0
10/16/2020,954,3,20,113,243,182,159,134,73,35,15,0,496,452,6,353,20,168,228,33,152,0,0,0,0,0,2,0,1,0,1,2,0,0,0,3,0,0,0,0,2,2,1,4,5,3,3,0,14,6,0,9,0,6,3,1,1
10/17/2020,547,5,28,70,139,115,95,58,45,15,10,0,274,273,0,223,14,72,126,23,89,0,0,0,1,0,1,0,3,0,2,3,0,3,0,2,0,0,0,2,4,2,4,2,6,3,5,0,20,8,0,10,2,11,4,0,1
10/18/2020,347,1,31,30,84,90,58,43,21,16,5,0,171,174,2,73,10,56,118,12,78,0,0,1,0,0,0,0,0,0,0,1,0,1,0,0,0,0,0,1,6,0,6,4,5,5,4,0,13,18,0,14,0,5,10,2,0
10/19/2020,1166,4,32,151,274,251,162,169,96,43,20,0,596,568,2,428,25,199,249,49,216,0,0,0,0,0,3,1,0,0,1,3,0,1,0,2,1,0,0,1,1,1,4,10,3,7,5,0,16,16,0,7,0,13,12,0,0
10/20/2020,1195,5,32,159,308,231,198,141,88,48,22,0,604,590,1,475,35,137,278,41,229,0,0,0,0,2,1,1,1,0,2,3,0,1,0,2,2,0,0,1,3,2,2,3,8,8,5,0,17,15,0,13,1,11,7,0,0
10/21/2020,1180,6,40,116,381,246,175,130,84,32,16,0,612,567,1,402,26,166,281,63,242,0,0,0,0,0,0,0,6,0,4,2,0,2,0,1,2,1,0,2,3,7,3,5,12,6,2,0,17,23,0,14,0,17,9,0,0
10/22/2020,1307,4,50,146,332,308,214,136,92,53,26,0,680,621,6,496,22,179,285,50,275,0,0,1,1,0,0,2,0,0,2,2,0,1,0,1,2,0,0,0,3,5,6,10,6,8,12,0,29,21,0,18,1,17,8,5,1
10/23/2020,1018,4,41,126,252,189,173,134,90,37,16,1,543,468,7,269,25,190,264,41,229,0,0,0,0,0,0,0,4,0,3,1,0,2,0,1,1,0,0,1,3,7,1,7,14,6,2,0,21,20,0,14,1,13,12,0,1
10/24/2020,885,5,40,109,224,197,140,105,59,38,13,0,469,416,0,325,20,117,216,39,168,0,0,0,0,0,0,2,3,0,2,3,0,0,0,2,3,0,0,1,6,6,4,3,7,8,5,0,22,18,0,15,2,15,8,0,0
10/25/2020,526,10,25,66,139,125,63,66,39,18,10,0,282,243,1,124,12,83,174,30,103,0,0,0,2,0,4,3,1,0,4,6,0,3,0,5,2,0,0,2,2,3,4,4,6,2,2,0,12,13,0,8,0,10,5,1,1
10/26/2020,1542,8,55,193,405,302,257,181,117,66,21,0,783,755,4,525,44,254,312,67,340,0,0,0,0,0,0,2,6,0,4,4,0,4,0,0,4,0,0,0,5,3,5,9,10,15,8,0,21,34,0,21,2,13,16,2,1
10/27/2020,1630,4,44,202,455,341,252,179,117,53,31,0,840,785,5,623,37,231,332,93,314,0,0,0,0,0,3,1,0,0,2,2,0,3,0,0,1,0,0,3,1,1,4,10,9,8,8,0,30,14,0,11,2,19,10,1,1
10/28/2020,1740,8,59,213,462,403,289,192,110,50,21,0,906,826,8,661,37,236,330,83,393,0,0,0,1,1,4,2,0,0,1,7,0,3,0,3,2,0,0,4,5,7,7,7,9,10,10,0,32,27,0,15,2,25,14,2,1
10/29/2020,1889,4,56,216,544,407,300,194,131,60,37,0,979,907,3,713,56,190,418,100,412,0,0,0,0,0,1,1,2,0,2,2,0,1,0,0,3,0,0,2,3,5,5,5,12,11,13,0,25,31,0,17,1,20,16,2,0
10/30/2020,1873,4,57,233,475,384,289,241,151,65,35,0,953,916,4,685,33,258,348,92,457,0,0,0,0,2,1,1,0,0,2,2,0,0,0,3,1,0,0,2,7,9,5,4,7,10,13,0,25,32,0,15,2,24,12,2,2
10/31/2020,1068,10,49,136,273,223,169,130,86,39,12,0,543,524,1,335,34,138,234,61,266,0,0,1,0,2,1,5,1,0,2,8,0,4,1,2,3,0,0,2,5,2,5,8,13,9,5,0,22,27,0,13,2,20,11,2,1
11/1/2020,734,6,45,77,184,152,114,96,53,36,22,0,394,339,1,179,34,100,204,36,181,0,0,0,0,0,3,1,2,0,3,3,0,2,0,3,1,0,0,2,6,1,4,3,9,11,9,0,20,25,0,19,1,14,7,2,2
11/2/2020,2322,15,57,271,554,507,373,311,187,73,46,0,1189,1124,9,767,50,318,448,102,637,0,0,0,0,0,2,5,8,0,6,9,0,1,1,5,8,0,0,1,3,5,9,10,11,11,7,0,24,33,0,12,2,25,15,1,2
11/3/2020,2145,13,63,262,556,450,350,266,153,65,43,0,1091,1050,4,744,60,242,472,99,528,0,0,0,0,2,5,4,2,0,2,11,0,4,0,4,5,0,0,2,8,6,5,9,16,8,9,0,29,34,0,25,4,22,9,1,2
11/4/2020,2515,8,64,303,709,562,366,289,173,84,29,0,1290,1214,11,909,64,346,556,104,536,0,0,0,0,0,1,2,5,0,5,3,0,5,0,1,2,0,0,4,2,3,6,17,12,14,6,0,28,36,0,24,1,22,14,3,0
11/5/2020,2637,6,62,289,763,579,387,313,186,70,50,0,1376,1248,13,957,43,333,499,138,667,0,0,1,0,1,0,0,4,0,3,3,0,1,0,1,3,1,0,1,2,6,5,11,15,12,10,0,24,38,0,13,2,25,15,6,1
11/6/2020,2795,10,74,342,803,573,412,335,217,71,42,0,1479,1310,6,991,75,376,575,143,635,0,0,1,1,2,3,0,3,0,4,6,0,4,0,5,1,0,0,3,6,0,13,21,9,15,7,0,35,39,0,21,3,34,12,3,1
11/7/2020,1571,13,71,181,395,337,266,187,112,54,39,0,825,746,0,577,35,188,330,68,373,0,0,1,1,1,1,3,6,0,9,4,0,2,0,4,7,0,0,1,4,6,9,12,13,8,18,0,40,31,0,23,4,26,16,0,2
11/8/2020,1106,11,72,123,269,237,177,142,87,44,27,0,554,550,2,347,22,168,303,63,203,0,1,0,0,1,3,3,3,0,0,11,0,6,0,4,1,0,0,6,8,0,8,14,12,14,10,0,36,36,0,25,3,28,12,3,1
11/9/2020,3232,14,84,386,833,618,530,430,252,118,65,0,1629,1586,17,1186,68,429,675,142,732,0,0,0,0,1,3,7,3,0,5,9,0,6,0,0,8,0,0,1,1,9,5,11,22,22,13,0,48,36,0,24,3,36,18,0,3
11/10/2020,3360,14,82,397,820,690,548,438,286,126,55,0,1721,1628,11,1218,87,456,658,145,796,0,0,0,1,0,1,7,5,0,10,4,0,3,0,8,3,0,0,0,1,6,10,16,21,20,8,0,36,46,0,26,1,31,17,3,4
11/11/2020,2489,9,85,267,682,515,361,320,211,79,54,0,1306,1173,10,574,67,360,526,138,824,0,0,0,0,1,5,1,2,0,3,6,0,5,0,2,2,0,0,1,7,5,6,10,19,18,19,0,47,38,0,18,2,35,27,2,1
11/12/2020,2932,17,65,330,744,571,495,382,257,114,39,0,1502,1423,7,977,54,406,594,148,753,0,0,0,0,2,6,3,6,0,10,7,0,4,1,6,6,0,0,3,3,5,7,11,17,9,10,0,38,27,0,13,1,27,19,3,2
11/13/2020,2694,20,67,332,649,539,403,344,244,123,60,0,1448,1236,10,931,63,405,500,123,672,0,0,0,0,4,2,6,8,0,8,12,0,7,0,5,8,0,0,1,5,7,3,9,16,17,9,0,28,39,0,23,1,21,19,2,1
11/14/2020,1399,16,53,168,320,277,239,172,126,76,21,0,712,686,1,349,43,190,348,76,393,0,0,0,2,1,5,6,2,0,7,9,0,6,0,7,3,0,0,3,1,4,4,6,11,15,9,0,23,30,0,22,2,14,10,4,1
11/15/2020,833,13,60,86,191,161,137,110,84,35,28,1,443,390,0,221,24,130,226,55,177,0,0,0,0,0,5,4,4,0,7,6,0,7,1,4,1,0,0,2,4,5,8,4,14,12,11,0,38,22,0,19,1,26,12,2,0
11/16/2020,2557,26,92,316,600,485,456,340,203,96,61,0,1324,1222,11,903,56,368,489,123,618,0,0,1,1,4,5,8,7,0,9,17,0,15,2,5,4,0,0,0,10,1,9,11,23,17,21,0,42,50,0,26,5,36,21,4,0
11/17/2020,2464,21,84,266,585,493,390,344,227,104,55,0,1272,1181,11,854,70,357,450,111,622,0,0,0,0,4,10,3,4,0,7,14,0,10,1,6,4,0,0,1,4,9,8,5,26,18,13,0,40,44,0,26,4,39,9,3,3
11/18/2020,2327,17,69,291,567,452,388,295,197,98,39,0,1181,1134,12,753,49,384,443,93,605,0,0,2,0,2,4,3,6,0,9,8,0,8,0,2,7,0,0,1,5,3,7,10,8,18,17,0,35,34,0,19,4,26,17,2,1
11/19/2020,2169,17,67,250,526,458,358,278,187,83,29,0,1114,1041,14,738,42,280,397,106,606,0,0,0,0,0,7,5,5,0,7,10,0,3,1,5,7,1,0,4,4,5,6,8,15,13,12,0,35,32,0,19,3,27,16,1,1
11/20/2020,2302,31,76,329,530,431,371,267,192,109,73,0,1199,1099,4,743,49,336,431,98,645,0,0,0,5,2,7,3,14,0,16,15,0,13,1,10,7,0,0,5,2,3,13,9,17,13,14,0,43,33,0,18,3,36,15,2,2
11/21/2020,1263,18,51,160,294,248,194,161,115,60,31,0,640,622,1,382,46,177,280,69,309,0,0,0,0,3,4,4,7,0,8,10,0,6,2,7,3,0,0,2,4,4,6,3,10,10,12,0,23,28,0,13,3,20,13,1,1
11/22/2020,781,15,62,62,201,159,141,88,76,34,20,0,386,394,1,166,26,120,245,47,177,0,0,0,2,1,4,4,4,0,8,7,0,6,0,3,6,0,0,1,3,7,11,5,15,13,7,0,30,32,0,20,3,24,11,2,2
11/23/2020,2378,19,77,274,544,492,360,351,203,99,55,0,1259,1111,8,852,64,387,422,105,548,0,0,1,1,2,2,5,8,0,11,8,0,8,0,7,4,0,0,2,1,4,8,11,18,10,23,0,39,38,0,21,4,32,15,3,2
11/24/2020,1927,16,80,239,446,365,324,252,163,85,52,1,1018,899,10,597,51,317,347,100,515,0,0,0,1,1,3,8,3,0,2,14,0,3,0,8,5,0,0,2,3,3,5,15,21,11,20,0,38,42,0,23,5,35,14,1,2
11/25/2020,1834,17,69,260,432,354,256,237,165,84,45,1,968,859,7,554,38,301,326,93,522,0,0,1,1,0,3,6,6,0,4,13,0,8,0,4,5,0,0,1,6,3,5,13,16,10,15,0,34,35,0,27,2,19,14,4,3
11/26/2020,264,22,60,22,48,36,39,32,36,31,19,1,133,130,1,49,6,81,41,25,62,0,0,0,1,1,2,9,9,0,11,11,0,10,1,8,3,0,0,1,2,6,6,8,10,17,10,0,31,29,0,24,1,25,8,1,1
11/27/2020,1253,21,81,131,257,220,206,179,138,76,46,0,657,591,5,345,38,214,245,67,344,0,0,0,0,2,4,7,8,0,9,12,0,6,2,10,3,0,0,3,3,2,8,13,15,21,16,0,38,43,0,22,3,34,17,1,4
11/28/2020,1373,17,60,158,326,257,218,200,129,55,30,0,696,673,4,482,40,155,241,56,399,0,0,1,0,4,3,4,5,0,9,8,0,6,0,7,4,0,0,2,1,2,7,8,11,19,10,0,26,34,0,20,2,25,10,3,0
11/29/2020,898,17,55,105,216,192,130,115,77,41,22,0,450,444,4,203,27,147,176,44,301,0,0,0,0,2,5,7,3,0,2,15,0,7,1,8,1,0,0,0,1,9,7,8,10,12,8,0,24,31,0,21,4,16,8,3,3
11/30/2020,2391,22,80,282,558,500,370,319,199,99,64,0,1271,1114,6,821,74,341,410,100,645,0,0,0,2,1,4,10,5,0,10,12,0,6,1,7,7,1,0,3,9,6,4,9,13,20,16,0,43,37,0,22,6,31,20,1,0
12/1/2020,2189,35,88,271,510,426,343,271,200,109,59,0,1167,1015,7,743,61,336,365,89,595,0,0,0,4,5,11,9,6,0,20,15,0,12,1,15,7,0,0,5,4,8,8,10,22,17,14,0,50,38,0,35,1,33,15,3,1
12/2/2020,2050,34,72,215,513,409,304,300,183,76,50,0,1070,975,5,707,67,293,362,80,541,0,1,0,1,6,5,7,14,0,18,16,0,13,3,12,4,2,0,1,3,3,12,8,11,15,19,0,37,35,0,19,1,27,23,2,0
12/3/2020,2073,30,81,235,521,405,319,308,157,80,47,1,1096,973,4,711,56,338,343,96,529,0,0,0,1,3,6,10,10,0,12,18,0,7,3,13,7,0,0,1,1,5,10,13,17,15,19,0,36,45,0,27,4,28,17,3,2
12/4/2020,1854,32,65,240,409,341,306,272,158,85,43,0,937,908,9,589,58,286,311,92,518,0,0,1,1,4,4,7,15,0,14,18,0,16,1,6,9,0,0,3,3,7,5,9,14,14,10,0,29,36,0,18,3,31,11,2,0
12/5/2020,1207,11,59,165,271,218,170,185,118,52,28,0,611,594,2,418,31,167,218,49,324,0,0,1,1,1,1,2,5,0,5,6,0,5,0,4,2,0,0,4,4,5,4,5,17,10,10,0,30,29,0,15,3,22,14,5,0
12/6/2020,710,26,53,72,161,128,112,99,72,48,18,0,376,332,2,178,25,128,141,26,212,0,0,0,2,2,3,8,11,0,10,16,0,9,3,6,6,1,1,2,6,3,3,7,9,9,14,0,29,24,0,17,0,23,11,2,0
12/7/2020,2068,34,66,274,472,399,328,285,171,91,48,0,1073,986,9,767,62,343,316,105,475,0,0,0,3,5,3,10,13,0,10,24,0,12,3,10,9,0,0,5,5,6,4,14,13,9,10,0,30,36,0,21,2,31,11,0,1
12/8/2020,2059,34,38,273,459,395,319,301,166,96,50,0,1060,990,9,739,56,277,327,113,547,0,1,2,3,5,6,5,12,0,12,22,0,13,4,11,6,0,0,2,5,3,3,8,8,7,2,0,20,18,0,13,2,14,7,1,1
12/9/2020,1758,28,67,194,432,332,294,220,178,75,33,0,942,806,10,616,52,295,270,81,444,0,1,0,1,2,9,8,7,0,11,17,0,9,1,9,9,0,0,4,5,1,4,11,13,13,16,0,34,33,0,17,4,30,13,3,0
12/10/2020,1702,19,74,226,364,329,281,229,161,64,48,0,902,789,11,638,43,249,275,79,418,0,0,0,1,2,5,3,8,0,4,15,0,8,2,4,5,0,0,4,9,2,5,8,16,14,16,0,42,32,0,19,1,30,19,2,3
12/11/2020,1672,28,67,235,380,312,267,225,136,79,38,0,862,808,2,561,50,272,267,70,452,0,0,0,0,2,7,9,10,0,11,17,0,9,1,10,6,2,0,2,3,6,6,9,10,22,9,0,32,35,0,21,2,23,18,2,1
12/12/2020,913,21,56,110,214,177,135,124,90,45,18,0,467,444,2,288,27,136,216,33,213,0,0,0,0,2,5,5,9,0,10,11,0,3,2,9,7,0,0,1,1,3,7,13,14,12,5,0,26,30,0,12,4,28,10,1,1
12/13/2020,609,22,44,53,130,128,92,84,59,37,26,0,326,282,1,122,29,98,142,36,182,0,1,0,1,2,5,9,4,0,5,17,0,5,1,10,6,0,0,3,4,2,5,4,8,8,10,0,22,22,0,12,2,21,7,2,0
12/14/2020,1461,21,71,159,330,300,213,201,128,81,49,0,766,687,8,387,47,257,251,71,448,0,0,0,0,2,3,10,6,0,13,8,0,11,2,6,2,0,0,6,3,5,5,10,14,14,14,0,30,41,0,19,0,33,16,2,1
12/15/2020,1617,19,48,214,365,269,260,242,157,66,44,0,817,786,14,610,38,242,253,89,385,0,0,0,3,3,6,5,2,0,6,13,0,9,1,4,5,0,0,1,2,3,7,4,11,9,11,0,21,27,0,18,4,15,8,3,0
12/16/2020,1386,25,41,175,323,253,219,205,109,55,47,0,684,693,9,467,36,263,260,60,300,0,0,2,1,0,6,7,9,0,13,12,0,4,1,10,10,0,0,1,4,1,3,12,8,6,6,0,22,19,0,15,0,17,8,1,0
12/17/2020,1350,23,44,169,327,256,198,183,123,50,43,1,710,635,5,528,44,205,226,59,288,0,0,1,1,3,6,2,10,0,8,15,0,9,0,7,7,0,0,0,1,3,3,8,12,8,8,1,16,27,1,14,3,16,9,2,0
12/18/2020,1300,19,41,168,291,250,205,168,120,57,40,1,668,620,12,424,55,229,232,69,291,0,0,0,0,3,2,5,9,0,9,10,0,11,0,4,4,0,0,1,3,3,2,3,13,7,9,0,19,22,0,9,6,19,6,1,0
12/19/2020,853,23,52,96,172,162,160,119,75,40,29,0,449,396,8,271,42,107,178,56,199,0,0,0,0,0,5,7,11,0,10,13,0,8,1,6,8,0,0,2,7,3,2,8,11,7,12,0,31,21,0,16,3,24,8,1,0
12/20/2020,582,29,43,62,140,116,94,70,48,31,21,0,304,277,1,156,32,105,179,23,87,0,0,0,3,3,9,9,5,0,8,21,0,12,1,10,6,0,0,2,7,4,3,5,5,12,5,0,28,15,0,10,1,22,8,2,0
12/21/2020,1465,26,57,173,299,270,272,193,115,84,59,0,734,722,9,444,59,228,289,76,369,0,0,0,1,2,5,8,10,0,14,12,0,9,1,10,6,0,0,1,4,5,3,9,9,12,14,0,28,29,0,11,4,27,13,1,1
12/22/2020,1339,17,40,178,300,251,195,163,151,64,37,0,693,643,3,468,48,187,266,65,305,0,0,0,1,2,2,8,4,0,7,10,0,2,3,8,4,0,0,0,2,1,2,6,9,11,9,0,21,19,0,10,1,20,7,2,0
12/23/2020,1221,21,53,140,289,221,193,166,118,62,32,0,634,581,6,430,49,212,226,55,249,0,0,0,2,2,5,5,7,0,6,15,0,8,1,5,7,0,0,0,1,2,3,7,8,17,15,0,23,30,0,10,5,18,18,1,1
12/24/2020,622,21,28,70,129,129,82,85,66,32,29,0,305,312,5,140,19,101,175,36,151,0,0,0,0,0,7,5,9,0,8,13,0,6,2,9,4,0,0,2,0,1,6,3,5,3,8,0,12,16,0,7,1,10,10,0,0
12/25/2020,160,20,38,8,33,24,20,16,21,17,21,0,75,84,1,38,9,43,29,16,25,0,0,1,0,2,6,4,7,0,6,14,0,8,0,4,8,0,0,0,2,4,2,1,8,8,13,0,22,16,0,15,2,15,6,0,0
12/26/2020,958,19,47,94,236,180,155,139,90,41,23,0,509,446,3,346,26,135,205,62,184,0,0,0,1,0,3,9,6,0,8,11,0,5,0,6,8,0,0,1,7,2,5,7,10,8,7,0,25,22,0,18,1,19,5,3,1
12/27/2020,614,24,53,49,139,114,84,94,71,37,26,0,327,282,5,147,23,95,188,37,124,0,0,0,1,3,6,4,10,0,11,13,0,4,1,10,9,0,0,0,2,2,3,14,10,11,11,0,22,31,0,12,2,21,14,2,2
12/28/2020,1665,18,51,203,368,359,215,243,171,66,40,0,845,812,8,610,52,247,284,90,382,0,0,0,0,3,2,7,6,0,6,12,0,7,1,4,6,0,0,2,0,0,3,13,9,13,11,0,25,26,0,18,2,16,14,1,0
12/29/2020,1713,21,33,218,389,356,259,222,150,71,48,0,923,789,1,632,48,248,323,88,374,0,0,0,1,2,5,7,6,0,8,13,0,6,0,9,6,0,0,1,2,2,3,2,9,7,7,0,17,16,0,8,1,14,9,1,0
12/30/2020,1447,23,25,191,371,275,198,200,138,52,22,0,762,673,12,480,30,229,274,75,359,0,0,0,4,6,4,5,4,0,5,18,0,13,1,5,3,1,0,1,1,1,1,4,6,4,7,0,9,16,0,10,0,11,4,0,0
12/31/2020,972,22,47,89,250,199,142,120,79,56,37,0,491,476,5,218,29,110,296,56,263,0,0,0,0,2,3,11,6,0,10,12,0,9,0,8,5,0,0,2,1,4,4,8,9,10,9,0,23,24,0,6,1,26,12,2,0
1/1/2021,266,20,41,28,60,49,37,34,19,21,18,0,132,131,3,58,9,48,69,13,69,0,0,1,1,0,6,4,8,0,8,12,0,6,1,6,6,1,0,0,0,7,2,10,3,7,12,0,20,21,0,14,2,16,9,0,0
1/2/2021,1115,21,40,126,277,210,192,147,86,51,26,0,590,523,2,412,28,136,258,65,216,0,1,0,1,1,3,6,9,0,4,17,0,7,3,5,6,0,0,0,4,3,3,8,8,5,9,0,16,24,0,11,1,15,10,3,0
1/3/2021,647,20,46,73,180,131,82,73,60,30,18,0,326,320,1,140,35,110,192,30,140,0,0,0,1,0,4,7,8,0,10,10,0,9,2,5,4,0,0,1,4,1,5,2,11,12,10,0,20,26,0,11,3,20,10,1,1
1/4/2021,1877,10,49,229,477,386,304,225,138,72,46,0,987,880,10,645,53,279,381,103,416,0,0,0,0,1,2,3,4,0,4,6,0,5,1,0,4,0,0,2,4,4,2,6,11,7,13,0,23,26,0,14,2,19,12,0,2
1/5/2021,1599,16,45,169,472,298,240,184,133,65,37,1,808,788,3,522,47,237,340,95,358,0,0,0,1,2,3,6,4,0,3,13,0,5,1,5,5,0,0,0,3,1,2,5,10,15,9,0,25,20,0,7,3,18,14,2,1
1/6/2021,1456,13,35,190,416,298,203,155,107,63,24,0,754,694,8,427,53,247,326,84,319,0,0,0,0,2,5,1,5,0,6,7,0,3,2,4,3,1,0,1,2,0,4,6,6,9,7,0,13,22,0,11,1,12,9,0,2
1/7/2021,1383,17,52,166,365,279,188,157,148,50,30,0,678,691,14,429,50,186,347,75,296,0,0,1,0,4,3,6,3,0,6,11,0,7,1,7,2,0,0,0,4,6,2,10,8,10,12,0,24,28,0,11,3,22,16,0,0
1/8/2021,1207,18,26,159,328,216,167,152,109,48,28,0,613,591,3,391,35,215,256,65,245,0,0,1,2,1,4,6,4,0,10,8,0,4,3,7,3,0,1,2,0,3,3,3,7,4,4,0,11,15,0,3,2,14,6,0,1
1/9/2021,780,17,28,97,217,142,101,105,70,34,13,1,406,374,0,243,23,123,167,45,179,0,0,0,1,1,3,3,9,0,7,10,0,4,1,6,6,0,0,0,1,2,3,2,8,7,4,1,15,13,0,10,0,12,6,0,0
1/10/2021,497,17,32,62,122,94,77,65,39,23,15,0,260,232,5,111,20,79,144,30,113,0,0,1,0,1,2,6,7,0,6,11,0,5,1,3,8,0,0,0,4,1,2,4,10,5,6,0,19,13,0,6,3,14,6,2,1
1/11/2021,1354,16,52,187,334,267,212,171,104,47,32,0,691,659,4,441,47,213,276,61,316,0,0,0,0,0,2,5,9,0,6,10,0,5,2,4,5,0,0,2,1,2,4,8,13,9,13,0,22,30,0,12,3,29,7,1,0
1/12/2021,1086,12,32,138,288,189,150,132,104,50,35,0,566,516,4,334,42,202,230,52,226,0,0,0,0,4,3,4,1,0,4,8,0,4,1,5,2,0,0,0,6,4,0,0,5,10,7,0,12,20,0,10,1,17,3,1,0
1/13/2021,1112,17,36,146,276,224,147,143,95,48,33,0,550,553,9,320,45,215,240,56,236,0,0,0,0,0,7,2,8,0,7,10,0,5,2,8,2,0,0,2,2,1,7,5,7,6,6,0,17,19,0,10,1,16,6,3,0
1/14/2021,1053,15,34,136,221,232,175,126,93,46,24,0,546,504,3,362,54,152,208,53,224,0,0,0,1,2,3,2,7,0,3,12,0,5,4,3,3,0,0,0,0,3,4,4,8,10,5,0,14,20,0,8,1,15,8,1,1
1/15/2021,1024,11,37,128,265,196,173,114,79,47,22,0,525,485,14,285,39,192,255,70,183,0,0,0,1,2,2,2,4,0,5,6,0,2,1,5,3,0,0,1,3,4,4,4,11,6,4,0,20,17,0,11,0,13,12,1,0
1/16/2021,625,13,37,84,141,105,112,82,63,28,9,1,355,269,1,242,21,93,124,23,122,0,0,0,1,1,5,3,3,0,6,7,0,9,1,0,3,0,0,2,2,1,2,2,10,7,10,1,17,20,0,10,1,15,10,1,0
1/17/2021,392,15,34,40,74,75,61,67,31,26,18,0,195,197,0,83,11,77,110,25,86,0,0,0,0,0,1,7,7,0,5,10,0,5,1,6,3,0,0,1,3,2,3,6,5,9,5,0,14,20,0,6,1,13,13,1,0
1/18/2021,713,14,32,85,143,163,107,79,82,32,22,0,389,321,3,188,32,130,147,40,176,0,0,0,1,2,6,2,3,0,3,11,0,5,0,6,3,0,0,1,3,1,2,3,12,5,5,0,17,15,0,7,1,12,11,1,0
1/19/2021,1084,19,30,141,265,206,168,124,91,58,31,0,550,533,1,395,38,178,228,61,184,0,0,0,0,3,5,5,6,0,5,14,0,5,2,8,4,0,0,2,2,0,1,8,6,6,5,0,13,17,0,13,1,10,4,1,1
1/20/2021,788,12,22,107,212,155,117,91,59,31,16,0,398,390,0,217,31,154,175,44,167,0,0,1,0,1,4,4,2,0,8,4,0,2,1,6,3,0,0,0,1,1,2,3,5,4,6,0,8,14,0,5,0,7,9,0,1
1/21/2021,815,9,33,97,189,159,122,118,76,36,18,0,415,397,3,283,25,159,155,47,146,0,0,1,1,0,2,2,3,0,5,4,0,2,0,5,2,0,0,2,0,2,2,7,9,9,2,0,17,16,0,11,1,17,2,2,0
1/22/2021,736,12,23,102,171,143,117,98,61,30,14,0,386,349,1,230,21,140,150,46,149,0,0,0,0,2,4,4,2,0,5,7,0,4,0,4,4,0,0,0,0,4,4,1,4,3,7,0,7,16,0,8,0,7,5,2,1
1/23/2021,581,9,32,69,119,134,86,79,53,28,13,0,301,279,1,186,28,91,134,30,112,0,0,0,0,1,2,2,4,0,2,7,0,2,1,4,2,0,0,0,2,2,2,1,7,8,10,0,17,15,0,10,1,16,4,1,0
1/24/2021,339,16,30,34,82,71,46,43,30,23,10,0,171,168,0,63,18,54,113,16,75,0,0,0,1,2,2,8,3,0,11,5,0,6,1,7,2,0,0,0,2,2,4,1,7,10,4,0,15,15,0,6,3,15,4,1,1
1/25/2021,859,11,38,103,198,173,130,106,97,32,20,0,459,397,3,271,23,149,173,43,200,0,0,1,1,0,2,2,5,0,1,10,0,5,0,1,4,1,0,2,3,3,2,8,8,5,7,0,21,17,0,8,0,19,10,1,0
1/26/2021,644,11,31,76,157,122,113,88,46,30,12,0,312,328,4,195,24,128,132,38,127,0,1,0,0,0,1,3,6,0,5,6,0,1,0,7,2,1,0,1,2,4,2,7,5,6,4,0,16,15,0,8,1,17,4,1,0
1/27/2021,658,13,25,75,146,131,102,93,61,33,17,0,339,318,1,181,25,124,139,34,155,0,0,0,0,0,3,3,7,0,3,10,0,2,1,7,3,0,0,0,2,0,2,4,4,9,4,0,15,10,0,6,1,10,7,0,1
1/28/2021,608,10,26,82,144,108,95,80,53,29,17,0,306,301,1,188,17,100,144,32,127,0,1,0,0,0,2,3,4,0,5,5,0,3,1,4,2,0,0,1,2,1,0,3,3,9,7,0,11,15,0,5,0,9,10,1,1
1/29/2021,588,15,25,90,142,101,92,71,57,25,10,0,307,279,2,170,17,100,140,33,128,0,0,0,2,1,6,3,3,0,2,13,0,6,1,5,3,0,0,0,1,4,1,0,9,5,5,0,18,7,0,7,1,10,7,0,0
1/30/2021,420,11,15,76,84,78,52,54,44,21,11,0,221,198,1,139,17,74,94,18,78,0,1,0,0,2,3,3,2,0,1,10,0,6,0,3,2,0,0,0,0,3,1,2,2,6,1,0,2,13,0,8,0,5,2,0,0
1/31/2021,160,16,17,12,33,31,31,22,17,8,6,0,72,88,0,36,11,32,39,11,31,0,0,0,0,3,6,4,3,0,7,9,0,11,0,4,1,0,0,0,3,2,2,5,2,2,1,0,9,8,0,7,0,5,2,3,0
2/1/2021,607,9,21,79,150,114,94,89,43,22,16,0,318,288,1,202,17,96,151,27,114,0,0,0,0,1,5,0,3,0,7,2,0,3,0,4,2,0,0,1,2,2,1,1,6,5,3,0,12,9,0,6,0,7,7,1,0
2/2/2021,647,6,32,68,159,124,104,83,64,26,19,0,315,330,2,187,25,129,166,24,116,0,0,0,0,0,3,1,2,0,3,3,0,1,0,3,2,0,0,2,4,1,2,7,7,5,4,0,18,14,0,7,1,13,9,0,2
2/3/2021,574,7,25,83,145,100,75,63,65,27,16,0,295,279,0,180,17,118,131,19,109,0,0,0,1,0,2,2,2,0,2,5,0,3,0,3,1,0,0,0,1,1,3,2,8,6,4,0,14,11,0,9,0,12,2,0,2
2/4/2021,537,9,36,68,138,121,68,64,45,21,12,0,268,266,3,146,19,105,139,26,102,0,0,0,0,1,1,2,5,0,5,4,0,1,1,4,3,0,0,1,1,5,3,9,10,6,1,0,20,16,0,11,1,16,7,1,0
2/5/2021,404,8,20,49,101,73,53,54,36,22,16,0,206,196,2,107,20,67,83,25,102,0,0,1,0,1,3,0,3,0,4,4,0,3,0,4,1,0,0,1,2,2,2,2,3,5,3,0,10,10,0,6,1,9,4,0,0
2/6/2021,262,12,15,29,53,57,37,43,26,11,6,0,135,126,1,65,16,57,64,13,47,0,0,0,1,0,3,4,4,0,1,11,0,2,0,5,5,0,0,1,0,2,2,3,3,2,2,0,11,4,0,3,1,6,3,1,1
2/7/2021,212,8,16,23,48,46,30,31,14,13,7,0,111,99,2,54,8,39,58,16,37,0,0,0,0,1,1,4,2,0,3,5,0,1,1,4,2,0,0,1,4,0,1,4,1,3,2,0,6,10,0,2,1,6,6,0,1
2/8/2021,389,13,25,47,73,68,62,54,44,19,22,0,209,178,2,97,19,88,86,22,77,0,0,2,2,2,2,3,2,0,6,7,0,5,1,2,5,0,0,1,4,3,2,3,2,6,4,0,14,11,0,7,0,11,7,0,0
2/9/2021,413,7,17,49,112,75,60,52,39,13,13,0,212,196,5,87,16,98,100,17,95,0,0,0,0,2,1,1,3,0,4,3,0,1,1,3,2,0,0,0,1,1,2,3,2,4,4,0,7,10,0,6,0,5,4,2,0
2/10/2021,366,11,22,51,101,69,42,44,28,18,13,0,172,194,0,75,12,79,95,23,82,0,0,0,1,1,2,2,5,0,5,6,0,3,1,4,3,0,0,0,3,2,1,3,5,1,7,0,10,12,0,6,0,12,3,1,0
2/11/2021,438,9,24,64,102,82,58,61,44,19,8,0,213,225,0,128,18,68,116,22,86,0,0,0,2,2,3,0,2,0,2,7,0,5,0,2,2,0,0,3,3,2,2,3,7,4,0,0,15,9,0,8,1,12,3,0,0
2/12/2021,357,13,15,42,106,68,48,25,40,20,8,0,168,189,0,86,15,62,101,29,64,0,0,1,2,2,2,3,3,0,5,8,0,3,0,4,6,0,0,0,2,0,1,2,4,4,2,0,9,6,0,2,1,8,4,0,0
2/13/2021,220,8,11,23,61,40,36,29,19,7,5,0,118,102,0,70,13,39,55,10,33,0,0,0,1,0,1,3,3,0,3,5,0,2,1,1,4,0,0,0,0,0,4,1,4,1,1,0,6,5,0,2,0,4,5,0,0
2/14/2021,143,9,11,22,38,29,19,17,4,12,2,0,75,68,0,25,8,23,43,10,34,0,0,0,0,0,2,3,4,0,4,5,0,2,0,3,4,0,0,1,2,1,0,2,3,2,0,0,4,7,0,3,0,5,2,0,1
2/15/2021,257,7,9,35,61,59,36,29,21,13,3,0,125,131,1,63,10,36,71,15,62,0,0,0,0,1,1,3,2,0,4,3,0,1,0,3,3,0,0,0,0,1,1,2,4,1,0,0,3,6,0,1,1,4,3,0,0
2/16/2021,213,5,14,24,65,30,43,22,17,8,4,0,113,99,1,41,7,37,68,11,49,0,0,0,0,0,1,3,1,0,1,4,0,2,0,2,1,0,0,0,1,1,2,3,3,3,1,0,10,4,0,4,0,8,2,0,0
2/17/2021,386,8,13,36,119,70,70,47,24,10,10,0,193,193,0,108,8,75,103,18,74,0,0,0,0,1,2,2,3,0,2,6,0,1,0,2,4,0,1,0,0,0,3,4,1,2,3,0,5,8,0,2,0,7,3,1,0
2/18/2021,315,6,22,36,97,52,50,42,26,10,2,0,164,148,3,93,7,54,76,23,62,0,0,0,0,1,0,5,0,0,4,2,0,0,0,4,2,0,0,0,1,5,2,4,3,6,1,0,14,8,0,8,0,9,4,1,0
2/19/2021,319,7,20,46,83,63,41,43,13,16,14,0,163,154,2,80,11,52,75,24,77,0,0,0,1,0,1,3,2,0,2,5,0,1,0,5,1,0,0,0,3,2,2,3,2,1,7,0,10,10,0,6,2,7,4,0,1
2/20/2021,213,9,11,35,57,31,29,33,13,7,8,0,107,106,0,57,8,38,57,17,36,0,0,0,1,0,0,5,3,0,5,4,0,3,1,3,2,0,0,1,1,0,2,1,1,1,4,0,4,7,0,1,0,8,1,1,0
2/21/2021,157,8,11,16,42,31,27,22,10,5,4,0,86,71,0,26,3,31,56,9,32,0,1,0,1,0,1,3,2,0,3,5,0,2,0,1,3,2,0,1,1,1,0,3,0,4,1,0,3,8,0,1,0,7,2,1,0
2/22/2021,389,7,15,53,90,84,57,54,32,11,8,0,198,191,0,139,12,62,89,19,68,0,0,0,2,2,1,1,1,0,3,4,0,3,0,4,0,0,0,0,0,1,1,3,3,1,6,0,6,9,0,3,0,7,5,0,0
2/23/2021,315,11,12,31,91,63,37,49,25,12,7,0,155,158,2,80,13,69,75,13,65,0,0,0,1,2,2,3,3,0,4,7,0,3,0,4,4,0,0,0,3,1,1,3,1,2,1,0,8,4,0,2,0,5,4,1,0
2/24/2021,337,4,17,38,79,65,54,48,28,12,13,0,159,173,5,77,7,79,79,18,77,0,0,0,0,0,1,1,2,0,2,2,0,2,0,1,1,0,0,1,2,0,4,3,2,2,3,0,9,8,0,5,1,9,2,0,0
2/25/2021,281,8,10,33,70,60,52,19,25,17,5,0,132,148,1,88,11,40,75,15,52,0,0,0,0,0,1,5,2,0,2,6,0,4,0,1,3,0,0,0,1,2,0,2,2,3,0,0,4,6,0,1,2,7,0,0,0
2/26/2021,357,6,9,67,97,57,58,29,32,11,6,0,180,175,2,97,8,74,86,18,74,0,0,0,0,1,1,0,4,0,0,6,0,3,0,1,2,0,0,1,0,0,0,1,2,1,4,0,4,5,0,2,0,5,2,0,0
2/27/2021,179,7,10,31,39,33,22,24,14,9,7,0,102,77,0,53,12,41,35,9,29,0,0,0,0,1,1,1,4,0,3,4,0,2,0,2,3,0,0,0,0,0,0,2,4,2,2,0,4,6,0,2,0,5,3,0,0
2/28/2021,149,3,11,16,34,34,22,17,19,5,2,0,68,79,2,25,12,29,42,6,35,0,0,0,0,0,1,1,1,0,0,3,0,1,0,2,0,0,0,0,0,2,0,0,6,0,3,0,7,4,0,2,0,4,3,0,2
3/1/2021,312,2,13,47,81,53,45,32,34,9,11,0,155,155,2,68,13,59,78,23,71,0,0,0,0,1,1,0,0,0,1,1,0,1,0,0,1,0,0,0,0,2,1,4,3,1,2,0,5,8,0,4,0,5,3,1,0
3/2/2021,327,7,11,46,103,62,43,31,25,11,6,0,180,143,4,79,18,50,88,17,75,0,0,0,0,1,0,2,4,0,4,3,0,4,1,2,0,0,0,0,0,0,1,1,2,5,2,0,5,6,0,7,1,2,1,0,0
3/3/2021,337,5,16,46,92,72,56,29,24,14,4,0,160,177,0,76,20,70,89,33,49,0,0,0,0,0,1,1,3,0,3,2,0,0,1,3,1,0,0,1,2,0,1,2,5,4,1,0,12,4,0,2,0,10,3,1,0
3/4/2021,286,7,15,42,81,60,39,24,23,11,6,0,146,139,1,73,21,48,82,19,43,0,0,1,1,1,1,0,3,0,4,3,0,3,0,0,4,0,0,0,1,1,3,4,3,2,1,0,11,4,0,3,0,8,4,0,0
3/5/2021,291,5,15,47,77,63,38,29,23,8,6,0,150,141,0,69,20,57,80,19,46,0,0,0,0,0,1,1,3,0,3,2,0,1,0,2,2,0,0,1,1,0,2,6,3,0,2,0,9,6,0,4,2,4,4,1,0
3/6/2021,215,2,20,29,56,48,24,21,22,8,7,0,106,109,0,80,10,39,41,15,30,0,0,0,0,1,0,1,0,0,0,2,0,0,1,0,1,0,0,0,0,2,2,1,4,6,5,0,7,13,0,5,1,8,5,1,0
3/7/2021,173,4,10,16,43,39,32,24,11,5,3,0,84,88,1,42,15,28,55,13,20,0,0,0,0,1,1,0,2,0,2,2,0,0,0,2,2,0,0,1,0,2,1,1,0,3,2,0,5,5,0,8,1,0,1,0,0
3/8/2021,325,5,13,53,101,61,35,32,31,8,4,0,165,160,0,91,19,58,73,23,61,0,0,0,0,2,1,2,0,0,2,3,0,3,0,2,0,0,0,0,1,0,0,2,6,1,3,0,5,8,0,2,0,9,2,0,0
3/9/2021,330,5,12,42,107,61,37,39,20,12,12,0,165,164,1,70,15,55,83,35,72,0,0,0,0,3,0,1,1,0,4,1,0,1,0,3,1,0,0,1,0,2,1,2,1,4,1,0,7,5,0,3,0,4,3,1,1
3/10/2021,334,9,11,53,100,64,42,42,21,7,5,0,168,166,0,94,10,49,87,18,76,0,0,0,2,1,1,3,2,0,3,6,0,2,1,2,3,0,1,0,2,0,0,2,3,2,2,0,5,6,0,4,1,3,2,0,1
3/11/2021,344,1,13,39,103,79,47,36,27,5,8,0,157,184,3,87,14,50,100,22,71,0,0,0,0,0,0,0,1,0,1,0,0,0,0,1,0,0,0,1,1,2,1,3,2,3,0,0,6,7,0,6,0,5,2,0,0
3/12/2021,347,8,9,52,92,78,49,46,18,6,6,0,199,148,0,86,14,64,99,21,63,0,0,1,1,2,1,1,2,0,3,5,0,2,0,5,1,0,0,1,2,0,2,2,1,1,0,0,7,2,0,2,0,6,1,0,0
3/13/2021,252,2,8,28,63,60,43,31,20,4,3,0,128,123,1,61,3,48,83,26,31,0,0,0,0,0,0,1,1,0,0,2,0,1,0,0,1,0,0,0,0,1,1,1,1,4,0,0,5,3,0,1,0,4,2,1,0
3/14/2021,183,4,7,24,55,36,32,17,14,5,0,0,87,96,0,37,9,32,57,18,30,0,0,0,0,0,2,1,1,0,2,2,0,1,0,2,1,0,0,1,1,2,0,1,1,1,0,0,4,3,0,0,0,5,2,0,0
3/15/2021,366,6,18,43,107,69,63,30,34,12,8,0,200,166,0,85,24,72,93,25,67,0,0,0,0,0,4,0,2,0,3,3,0,3,0,2,1,0,0,1,2,1,2,1,6,3,2,0,11,7,0,3,3,5,4,3,0
3/16/2021,444,3,17,85,128,97,51,40,23,18,2,0,248,196,0,100,10,99,119,41,75,0,0,0,0,0,1,1,1,0,2,1,0,0,1,2,0,0,0,0,2,0,1,5,5,2,2,0,10,7,0,1,0,14,2,0,0
3/17/2021,474,9,14,48,161,99,69,49,35,9,4,0,238,234,2,90,25,100,139,28,92,0,0,1,1,0,2,1,4,0,4,5,0,1,0,5,3,0,0,0,2,2,2,2,2,2,2,0,7,7,0,3,1,9,1,0,0
3/18/2021,416,3,11,55,162,77,52,40,22,3,5,0,201,215,0,74,13,85,146,19,79,0,0,0,0,1,0,0,2,0,2,1,0,1,1,1,0,0,0,2,0,1,0,4,3,1,0,0,5,6,0,1,1,4,4,1,0
3/19/2021,433,2,15,64,140,105,48,37,21,12,6,0,215,217,1,111,26,85,113,23,75,0,0,0,0,0,0,0,2,0,1,1,0,0,1,0,1,0,0,1,2,3,0,2,1,3,3,0,9,6,0,7,0,7,1,0,0
3/20/2021,273,6,14,31,90,64,35,25,18,5,5,0,132,141,0,58,16,76,72,16,35,0,0,0,0,1,2,1,2,0,3,3,0,1,0,3,2,0,0,1,3,0,0,5,2,1,2,0,8,6,0,3,1,5,4,1,0
3/21/2021,220,4,32,28,68,42,29,24,17,8,4,0,101,119,0,49,10,50,73,10,28,0,0,0,0,0,1,0,3,0,2,2,0,1,1,0,2,0,0,1,5,4,2,4,7,5,4,0,18,14,0,6,1,16,7,1,1
3/22/2021,537,1,13,58,160,111,80,78,33,13,4,0,268,269,0,122,25,119,153,26,92,0,0,0,0,0,0,0,1,0,0,1,0,1,0,0,0,0,0,0,3,2,3,0,2,1,2,0,7,6,0,4,1,5,3,0,0
3/23/2021,560,5,21,65,188,121,73,66,28,11,8,0,277,281,2,116,23,86,180,32,123,0,0,0,0,0,2,3,0,0,2,3,0,2,1,2,0,0,0,1,1,1,2,1,13,0,2,0,9,12,0,3,0,10,8,0,0
3/24/2021,675,6,15,63,242,167,79,72,33,12,7,0,330,342,3,141,13,123,214,45,139,0,1,0,1,0,0,3,1,0,3,3,0,2,0,3,1,0,0,1,2,3,2,4,0,2,1,0,10,5,0,4,1,4,3,2,1
3/25/2021,669,3,17,73,240,159,82,58,35,17,5,0,307,361,1,139,19,120,221,39,131,0,0,0,1,0,1,0,1,0,1,2,0,1,0,1,1,0,0,0,2,4,2,2,3,3,1,0,6,11,0,4,0,9,3,1,0
3/26/2021,590,6,18,75,213,129,68,54,34,6,11,0,285,304,1,153,23,100,184,40,90,0,0,0,0,2,2,0,2,0,4,2,0,0,1,4,1,0,0,1,6,0,3,2,2,2,2,0,9,9,0,2,0,11,5,0,0
3/27/2021,404,4,21,60,103,90,58,46,34,9,4,0,195,209,0,90,14,75,130,29,66,0,0,0,1,1,1,0,1,0,2,2,0,0,0,3,1,0,0,0,4,0,6,2,2,3,4,0,9,12,0,7,0,9,5,0,0
3/28/2021,347,7,23,30,114,73,51,41,24,8,6,0,188,158,1,67,12,78,114,23,53,0,0,0,2,2,2,0,1,0,1,6,0,3,0,2,2,0,0,0,1,2,1,10,3,4,2,0,11,12,0,5,0,14,2,2,0
3/29/2021,730,3,20,97,240,136,93,90,46,18,10,0,386,341,3,169,24,166,209,28,134,0,0,0,0,1,1,1,0,0,0,3,0,1,0,1,1,0,0,2,3,1,2,5,3,2,2,0,9,11,0,1,0,13,4,1,1
3/30/2021,723,3,19,93,247,142,89,77,58,12,5,0,369,353,1,147,38,145,222,38,133,0,0,1,0,0,0,1,1,0,0,3,0,1,1,0,1,0,0,0,1,3,5,2,5,2,1,0,14,5,0,5,1,11,2,0,0
3/31/2021,705,4,23,84,218,160,88,91,33,19,12,0,357,346,2,127,34,138,222,43,141,0,0,0,0,1,1,0,2,0,1,3,0,1,0,2,1,0,0,2,1,2,4,6,4,3,1,0,13,10,0,6,1,11,5,0,0
4/1/2021,715,2,22,90,230,165,88,71,41,26,4,0,366,348,1,151,29,162,201,39,133,0,0,0,0,1,1,0,0,0,1,1,0,2,0,0,0,0,0,0,3,2,3,4,6,4,0,0,10,12,0,5,0,11,6,0,0
4/2/2021,673,2,35,83,199,138,108,82,39,17,7,0,347,326,0,170,32,128,184,30,129,0,0,0,0,0,0,1,1,0,1,1,0,1,0,0,1,0,0,2,2,2,8,5,8,7,1,0,20,15,0,10,0,18,7,0,0
4/3/2021,462,9,26,59,128,111,68,50,28,12,6,0,232,229,1,100,19,101,138,26,78,0,0,0,1,2,1,2,3,0,3,6,0,4,1,3,1,0,0,0,1,4,4,3,4,6,4,0,12,14,0,4,0,12,9,0,1
4/4/2021,300,4,23,46,67,66,58,34,16,8,5,0,152,146,2,68,15,73,75,16,53,0,0,0,1,1,0,1,1,0,1,3,0,0,0,3,1,0,0,0,2,6,4,4,4,2,1,0,12,11,0,6,1,12,2,1,1
4/5/2021,935,6,25,176,232,206,151,96,46,20,8,0,496,437,2,218,32,249,200,54,182,0,0,0,0,2,2,0,2,0,3,3,0,1,0,4,1,0,0,0,3,3,3,5,3,5,3,0,13,12,0,6,0,16,2,1,0
4/6/2021,852,4,33,133,233,183,124,90,56,18,15,0,438,411,3,199,62,227,163,45,156,0,0,0,0,1,3,0,0,0,0,4,0,2,0,2,0,0,0,0,2,2,4,9,10,3,3,0,13,20,0,2,2,23,3,1,2
4/7/2021,834,3,31,135,246,185,113,79,45,15,16,0,436,397,1,186,30,187,212,33,186,0,0,0,0,1,0,1,1,0,2,1,0,2,0,0,1,0,0,4,3,2,4,5,4,2,7,0,18,13,0,6,1,19,3,2,0
4/8/2021,852,6,26,145,240,190,121,86,52,11,7,0,456,394,2,229,26,214,209,44,130,0,0,0,2,0,0,2,2,0,3,3,0,1,0,3,1,0,1,1,1,1,3,8,9,2,1,0,12,14,0,9,2,12,1,2,0
4/9/2021,768,5,25,138,216,149,113,74,53,17,8,0,412,355,1,171,23,222,165,39,148,0,0,0,1,2,0,0,2,0,1,4,0,2,1,0,2,0,0,0,1,0,6,7,6,3,2,0,9,16,0,5,0,14,4,0,2
4/10/2021,551,8,23,86,149,109,91,65,28,15,8,0,278,272,1,132,25,146,123,28,97,0,0,0,1,0,4,1,2,0,5,3,0,3,0,4,1,0,0,1,3,3,4,5,2,2,3,0,9,14,0,3,1,15,4,0,0
4/11/2021,359,5,25,69,80,75,61,30,28,12,4,0,192,167,0,66,15,120,82,18,58,0,2,0,0,1,0,2,0,0,3,2,0,3,0,1,1,0,0,0,1,5,3,1,6,6,3,0,10,15,0,7,1,10,4,2,1
4/12/2021,863,5,34,139,203,185,143,95,60,29,9,0,424,438,1,219,15,275,160,33,161,0,0,0,0,3,1,0,1,0,0,5,0,2,0,2,1,0,0,2,4,3,2,5,4,7,7,0,16,18,0,7,0,18,8,1,0
4/13/2021,672,4,24,80,197,141,111,88,30,13,12,0,366,303,3,151,16,212,134,31,128,0,0,0,0,1,0,1,2,0,0,4,0,0,0,3,1,0,0,0,5,3,0,6,3,5,2,0,14,10,0,2,2,17,3,0,0
4/14/2021,769,7,32,141,213,176,114,62,37,11,15,0,409,360,0,176,24,223,162,36,148,0,0,1,0,1,1,2,2,0,3,4,0,2,0,3,1,0,1,3,3,5,3,1,7,3,7,0,17,15,0,7,1,19,3,1,1
4/15/2021,624,8,19,142,156,131,80,51,37,17,10,0,320,304,0,154,14,193,124,30,109,0,0,1,1,1,2,2,1,0,0,8,0,2,0,5,1,0,0,1,0,2,2,1,6,3,4,0,11,8,0,2,0,8,9,0,0
4/16/2021,654,5,27,109,187,125,94,67,47,13,12,0,375,279,0,166,22,213,111,24,118,0,0,0,0,1,2,0,2,0,2,3,0,1,0,2,1,0,1,0,5,1,2,9,7,2,1,0,18,9,0,4,0,19,3,0,1
4/17/2021,434,6,33,70,95,95,78,46,24,14,12,0,235,199,0,114,20,153,63,26,58,0,0,0,2,2,1,0,1,0,1,5,0,1,1,4,0,0,0,0,2,1,7,8,3,5,7,0,18,15,0,6,1,17,5,2,2
4/18/2021,309,7,25,40,70,77,45,43,18,9,7,0,171,138,0,54,12,122,60,15,46,0,0,0,0,4,0,1,2,0,5,2,0,3,1,3,0,0,0,2,1,2,5,6,4,2,3,0,14,11,0,6,0,17,2,0,0
4/19/2021,658,6,27,120,161,138,122,73,33,9,2,0,357,300,1,162,27,209,110,31,119,0,0,1,0,1,2,0,2,0,2,4,0,2,0,3,1,0,0,2,1,1,5,9,4,4,1,0,10,17,0,2,0,14,6,3,2
4/20/2021,558,5,24,87,168,118,76,66,17,14,12,0,321,236,1,114,18,186,96,23,121,0,0,0,0,1,2,1,1,0,1,4,0,0,2,2,1,0,0,2,1,8,3,2,4,4,0,0,14,10,0,8,0,11,4,1,0
4/21/2021,653,7,42,110,160,133,105,62,44,19,20,0,344,309,0,140,28,208,120,25,132,0,1,0,1,1,2,2,0,0,2,5,0,2,0,2,2,1,0,2,5,5,5,7,10,3,5,0,21,21,0,6,3,26,5,2,0
4/22/2021,576,4,29,106,148,128,79,57,34,15,9,0,306,269,1,144,25,175,90,21,121,0,0,0,1,2,0,1,0,0,2,2,0,1,1,2,0,0,0,0,1,7,3,4,6,6,2,0,20,9,0,8,1,15,5,0,0
4/23/2021,526,6,17,92,129,97,82,62,39,15,10,0,288,237,1,116,28,178,84,21,99,0,0,1,0,3,0,2,0,0,2,4,0,1,2,3,0,0,0,0,2,3,2,1,6,2,1,0,8,9,0,4,0,10,3,0,0
4/24/2021,410,10,23,75,83,96,62,49,28,12,5,0,229,180,1,108,15,132,73,22,60,0,0,0,0,2,4,2,2,0,4,6,0,4,0,2,4,0,0,1,1,4,7,1,4,1,4,0,15,8,0,4,0,14,3,1,1
4/25/2021,274,11,22,40,70,71,28,36,21,8,0,0,141,132,1,55,12,108,47,15,37,0,0,0,2,3,3,3,0,0,4,7,0,3,0,7,1,0,0,3,1,4,1,7,2,3,1,0,14,8,0,4,0,11,4,2,1
4/26/2021,648,5,24,120,154,142,95,90,32,9,6,0,351,296,1,159,15,245,84,26,119,0,0,0,0,0,1,1,3,0,3,2,0,1,0,1,3,0,0,1,3,3,2,2,7,0,6,0,20,4,0,5,0,14,4,0,1
4/27/2021,564,5,16,101,143,112,79,63,41,14,11,0,289,274,1,138,16,219,71,28,92,0,0,0,1,1,1,1,1,0,2,3,0,2,0,3,0,0,0,1,1,3,1,3,3,2,2,0,8,8,0,2,0,13,0,1,0
4/28/2021,572,5,30,86,145,128,95,67,28,13,10,0,302,270,0,150,25,176,91,21,109,0,0,0,1,2,0,1,1,0,1,4,0,0,2,2,1,0,0,2,4,3,5,3,5,3,5,0,12,18,0,4,0,13,9,3,1
4/29/2021,529,7,21,111,116,109,71,63,34,13,12,0,265,263,1,130,12,179,85,17,106,0,0,1,0,1,1,1,3,0,5,2,0,2,0,2,2,1,0,0,2,2,3,4,4,4,2,0,15,6,0,4,0,14,2,1,0
4/30/2021,543,7,28,125,112,101,65,61,49,20,10,0,307,236,0,113,14,214,76,12,114,0,0,0,1,0,2,1,3,0,3,4,0,2,0,2,3,0,0,1,5,3,2,4,3,5,5,0,16,12,0,2,0,19,5,1,1
5/1/2021,348,4,25,62,71,65,58,40,36,11,5,0,182,166,0,65,16,146,61,12,48,0,0,0,0,0,0,1,3,0,1,3,0,2,0,2,0,0,0,3,3,4,4,4,5,1,1,0,13,12,0,4,0,19,2,0,0
5/2/2021,227,14,28,32,46,52,24,28,29,11,5,0,129,97,1,34,8,99,32,17,37,0,0,1,0,4,2,4,3,0,7,7,0,0,0,11,3,0,0,1,3,2,2,5,9,3,3,0,19,9,0,3,2,19,2,1,1
5/3/2021,551,5,33,88,112,124,74,84,44,20,5,0,313,238,0,128,17,204,76,19,107,0,0,0,0,0,2,1,2,0,1,4,0,1,0,1,3,0,0,2,2,5,1,11,8,2,2,0,17,16,0,4,0,21,5,1,2
5/4/2021,463,5,28,79,123,79,84,39,32,14,13,0,243,220,0,103,20,188,57,16,79,0,0,0,0,0,1,3,1,0,1,4,0,0,0,4,1,0,0,1,1,2,4,9,4,3,4,0,11,17,0,1,0,16,9,1,1
5/5/2021,478,5,22,94,129,81,74,59,25,7,9,0,253,224,1,106,15,178,63,14,102,0,1,0,1,0,1,0,2,0,3,2,0,1,0,4,0,0,0,0,2,5,3,2,5,2,3,0,11,11,0,2,2,8,7,2,1
5/6/2021,399,8,29,63,100,83,49,45,39,13,7,0,218,181,0,92,6,144,57,13,87,0,0,0,0,1,4,1,2,0,5,3,0,3,0,4,1,0,0,0,2,1,2,7,8,8,1,0,17,12,0,2,1,21,3,0,2
5/7/2021,365,11,21,68,92,68,63,41,17,9,7,0,196,168,1,94,12,125,38,11,85,0,0,0,2,1,4,2,2,0,4,7,0,2,0,8,1,0,0,1,1,2,1,7,2,2,5,0,14,7,0,4,1,12,4,0,0
5/8/2021,270,8,26,47,74,57,38,28,14,5,7,0,165,105,0,66,6,118,32,4,44,0,1,0,1,1,1,1,3,0,4,4,0,1,0,7,0,0,0,0,5,1,4,4,8,1,3,0,18,8,0,4,1,14,4,0,3
5/9/2021,164,9,21,28,27,37,22,19,15,10,6,0,85,79,0,48,2,69,22,5,18,0,0,0,1,2,2,4,0,0,4,5,0,3,0,4,2,0,0,0,2,2,6,1,7,1,2,0,10,11,0,4,0,14,1,1,1
5/10/2021,397,6,22,104,65,71,67,49,29,7,5,0,216,181,0,79,16,172,59,14,57,1,0,0,1,0,0,2,2,0,4,2,0,0,0,5,1,0,0,0,1,3,5,5,3,4,1,0,12,10,0,3,0,12,5,2,0
5/11/2021,309,9,23,61,64,69,41,34,30,5,5,0,160,149,0,59,5,131,44,11,59,0,1,0,1,1,1,4,1,0,4,5,0,3,0,3,3,0,0,0,2,2,1,5,5,5,3,0,10,13,0,4,0,15,4,0,0
5/12/2021,342,6,18,70,73,71,44,43,20,19,2,0,197,144,1,74,16,147,43,10,52,0,0,0,1,0,1,3,1,0,4,2,0,0,0,6,0,0,0,0,1,4,2,2,7,0,2,0,13,5,0,5,0,10,3,0,0
5/13/2021,314,7,21,64,68,50,56,38,31,4,3,0,178,136,0,56,4,142,40,6,66,0,0,0,0,1,5,0,1,0,5,2,0,0,0,4,3,0,0,0,2,4,3,3,6,3,0,0,9,12,0,2,0,17,1,0,1
5/14/2021,292,6,15,68,69,55,35,28,26,7,4,0,154,136,2,61,10,103,37,9,72,0,0,0,0,0,3,2,1,0,4,2,0,3,0,2,1,0,0,1,2,1,1,2,6,2,0,0,7,8,0,6,0,7,1,0,1
5/15/2021,177,5,25,38,38,33,18,28,12,6,4,0,92,85,0,48,2,71,21,6,29,0,0,0,0,0,1,1,3,0,2,3,0,2,0,1,2,0,0,1,2,3,2,8,2,3,4,0,13,12,0,8,0,13,4,0,0
5/16/2021,153,10,16,23,33,29,21,17,15,8,7,0,85,68,0,33,2,60,24,6,28,0,0,1,1,0,3,3,2,0,4,6,0,6,2,2,0,0,0,1,1,5,2,0,3,3,1,0,9,7,0,2,0,11,2,1,0
5/17/2021,349,6,22,59,84,74,44,39,34,8,7,0,199,150,0,62,9,143,42,15,78,0,0,0,0,0,1,3,2,0,2,4,0,3,0,3,0,0,0,0,2,3,4,5,4,2,2,0,8,14,0,4,0,16,0,0,2
5/18/2021,282,6,12,68,61,47,36,35,19,8,8,0,161,121,0,53,4,113,46,6,60,0,0,0,0,2,1,3,0,0,4,2,0,3,0,2,1,0,0,1,0,2,1,1,5,1,1,0,5,7,0,3,0,9,0,0,0
5/19/2021,277,6,17,45,71,64,25,29,32,7,4,0,146,131,0,69,6,117,30,12,43,0,0,0,1,1,0,2,2,0,5,1,0,1,1,2,2,0,0,0,5,1,2,1,6,2,0,0,10,7,0,4,0,13,0,0,0
5/20/2021,246,4,12,49,47,53,35,26,22,13,1,0,130,116,0,53,5,110,28,6,44,0,0,0,0,0,0,1,3,0,3,1,0,0,1,3,0,0,0,1,1,1,1,0,4,3,1,0,6,6,0,1,0,10,1,0,0
5/21/2021,244,5,10,52,48,45,36,33,18,6,6,0,138,105,1,43,9,96,39,8,49,0,1,0,0,0,2,1,1,0,2,3,0,2,0,3,0,0,0,0,2,0,2,3,1,0,2,0,4,6,0,1,1,8,0,0,0
5/22/2021,131,5,14,27,36,17,13,19,10,8,1,0,69,61,1,35,1,53,19,6,17,0,0,1,0,0,2,2,0,0,3,2,0,2,1,2,0,0,0,0,1,2,4,2,3,2,0,0,10,4,0,5,0,7,1,1,0
5/23/2021,93,6,9,15,23,17,12,8,6,4,8,0,51,42,0,16,1,56,8,3,9,0,0,1,1,1,0,0,3,0,1,5,0,1,1,3,1,0,0,0,2,0,0,3,1,0,3,0,7,2,0,1,0,7,1,0,0
5/24/2021,216,4,17,40,49,41,32,24,16,10,4,0,110,106,0,45,5,92,27,7,40,0,0,1,2,1,0,0,0,0,2,2,0,2,0,2,0,0,0,1,2,1,3,3,2,3,2,0,9,8,0,4,0,11,2,0,0
5/25/2021,128,3,17,15,29,24,20,18,14,6,2,0,80,48,0,26,4,59,20,5,14,0,0,0,0,1,1,0,1,0,1,2,0,0,0,2,1,0,0,0,3,2,2,3,2,2,3,0,10,7,0,0,0,13,3,0,1
5/26/2021,169,5,12,31,44,24,22,24,9,9,6,0,96,73,0,43,2,67,23,5,29,0,0,0,0,0,4,1,0,0,1,4,0,0,0,3,2,0,0,0,2,1,0,5,1,3,0,0,6,6,0,1,0,10,1,0,0
5/27/2021,122,5,9,19,32,22,15,10,15,6,3,0,65,57,0,35,0,50,15,3,19,0,0,0,0,0,2,2,1,0,4,1,0,0,0,4,1,0,0,0,0,3,2,0,1,1,2,0,4,5,0,3,0,5,0,1,0
5/28/2021,139,4,17,31,33,18,22,18,7,6,4,0,88,51,0,34,4,59,17,5,20,0,0,0,0,0,2,1,1,0,3,1,0,0,0,4,0,0,0,0,2,1,5,6,0,2,1,0,9,8,0,2,0,14,1,0,0
5/29/2021,89,6,17,17,16,17,15,15,7,1,1,0,42,47,0,24,1,35,7,5,17,0,0,0,1,1,1,1,2,0,2,4,0,0,1,4,1,0,0,0,2,1,1,5,4,1,3,0,11,6,0,4,0,9,4,0,0
5/30/2021,51,7,9,7,14,11,6,6,7,0,0,0,23,28,0,17,0,17,8,2,7,0,0,0,0,1,1,3,2,0,3,4,0,1,0,5,1,0,0,1,0,0,2,1,4,0,1,0,6,3,0,2,0,5,2,0,0
5/31/2021,45,2,7,4,8,10,8,4,5,2,4,0,23,22,0,10,1,17,8,3,6,0,0,0,0,1,1,0,0,0,1,1,0,0,0,0,2,0,0,1,0,0,1,2,2,1,0,0,5,2,0,0,0,6,1,0,0
6/1/2021,122,5,18,29,20,25,25,14,5,4,0,0,71,49,2,26,3,45,17,6,25,0,0,0,1,1,2,1,0,0,2,3,0,2,0,3,0,0,0,3,0,3,4,3,1,2,2,0,7,11,0,4,0,12,2,0,0
6/2/2021,101,7,8,19,27,16,6,19,8,5,1,0,60,41,0,15,5,34,20,6,21,0,0,0,0,2,3,2,0,0,5,2,0,2,0,4,1,0,0,0,2,1,0,2,0,2,1,0,7,1,0,2,0,4,2,0,0
6/3/2021,96,7,9,21,20,19,14,10,6,5,1,0,48,48,0,15,4,41,10,2,24,0,0,0,1,0,2,4,0,0,4,3,0,3,1,2,1,0,0,1,1,3,0,1,2,1,0,0,4,5,0,1,1,6,1,0,0
6/4/2021,77,6,10,18,18,8,10,7,9,4,3,0,37,40,0,20,1,32,10,3,11,0,0,0,1,1,0,2,2,0,4,2,0,1,0,4,1,0,0,1,1,0,1,2,3,2,0,0,2,8,0,1,0,7,1,1,0
6/5/2021,62,6,8,14,13,9,7,8,7,2,2,0,33,29,0,17,1,23,11,3,7,0,0,0,1,1,2,1,1,0,2,4,0,2,0,3,1,0,0,0,0,2,1,3,1,0,1,0,5,3,0,0,0,6,2,0,0
6/6/2021,56,7,9,10,18,8,7,5,4,3,1,0,31,25,0,10,0,25,9,2,10,0,0,0,2,1,2,2,0,0,5,2,0,3,1,3,0,0,0,0,2,1,0,2,0,4,0,0,7,2,0,3,0,4,2,0,0
6/7/2021,102,9,9,20,20,11,19,14,10,6,2,0,53,49,0,28,2,37,17,2,16,0,0,0,1,4,2,1,1,0,3,6,0,5,0,4,0,0,0,0,0,0,0,4,2,2,1,0,6,3,0,3,0,5,1,0,0
6/8/2021,74,4,10,21,17,13,7,6,7,2,1,0,44,29,1,23,3,31,7,3,7,0,0,0,0,1,1,2,0,0,1,3,0,2,0,1,1,0,0,1,2,1,0,2,3,0,1,0,7,3,0,3,1,4,2,0,0
6/9/2021,59,4,4,9,14,5,11,10,4,3,3,0,30,28,1,15,2,18,12,3,9,0,0,0,0,1,1,0,2,0,2,2,0,0,0,3,1,0,0,0,0,1,0,2,0,0,1,0,1,3,0,2,0,1,1,0,0
6/10/2021,41,2,10,7,7,8,7,2,7,1,2,0,17,24,0,5,0,22,5,2,7,0,0,0,0,2,0,0,0,0,2,0,0,1,0,0,1,0,0,1,1,0,2,1,3,0,2,0,7,3,0,0,0,6,3,1,0
6/11/2021,39,2,7,6,12,6,6,2,3,3,1,0,18,21,0,13,2,10,7,2,5,0,0,0,0,0,2,0,0,0,1,1,0,0,0,0,2,0,0,0,0,2,1,1,2,0,1,0,3,4,0,2,0,4,1,0,0
6/12/2021,46,4,4,5,13,13,3,7,1,2,2,0,18,28,0,10,1,12,10,1,12,0,0,0,0,1,1,1,1,0,4,0,0,2,0,0,2,0,0,0,0,2,0,0,0,1,1,0,2,2,0,2,0,1,1,0,0
6/13/2021,24,4,4,5,2,9,2,3,2,1,0,0,16,8,0,5,0,12,2,0,5,0,0,1,0,2,1,0,0,0,0,4,0,3,0,0,1,0,0,0,1,1,0,1,1,0,0,0,4,0,0,1,0,2,1,0,0
6/14/2021,67,3,4,10,14,22,7,9,4,1,0,0,37,30,0,22,2,17,4,4,18,0,0,0,0,1,2,0,0,0,1,2,0,0,0,3,0,0,0,0,0,0,1,2,0,1,0,0,2,2,0,1,0,2,1,0,0
6/15/2021,51,2,5,10,8,10,10,8,2,2,1,0,33,18,0,19,0,16,9,1,6,0,0,1,0,0,0,1,0,0,1,1,0,0,0,2,0,0,0,1,0,2,0,0,2,0,0,0,2,3,0,0,0,3,2,0,0
6/16/2021,36,1,3,6,9,10,7,0,1,2,0,1,22,14,0,12,2,12,4,2,4,0,0,0,0,1,0,0,0,0,1,0,0,0,0,1,0,0,0,0,0,0,1,0,0,2,0,0,2,1,0,2,0,0,0,1,0
6/17/2021,35,2,6,7,7,9,3,3,5,1,0,0,16,19,0,10,1,8,10,2,4,0,0,0,0,0,2,0,0,0,1,1,0,2,0,0,0,0,0,0,0,1,1,3,1,0,0,0,5,1,0,4,0,1,1,0,0
6/18/2021,35,2,7,2,10,6,6,6,2,1,2,0,19,16,0,6,2,17,9,1,0,0,0,0,0,0,1,1,0,0,0,2,0,1,0,0,1,0,0,0,1,1,1,3,1,0,0,0,3,4,0,2,0,3,2,0,0
6/19/2021,30,2,5,6,11,5,1,2,1,4,0,0,18,12,0,11,2,6,6,1,4,0,0,0,1,1,0,0,0,0,1,1,0,1,0,0,1,0,0,0,3,0,0,0,0,1,1,0,4,1,0,4,1,0,0,0,0
6/20/2021,27,1,3,6,6,4,4,2,5,0,0,0,16,11,0,9,0,6,4,1,7,0,0,0,0,0,0,1,0,0,0,1,0,0,0,0,1,0,0,0,0,0,1,0,0,1,1,0,2,1,0,1,0,2,0,0,0
6/21/2021,46,3,4,11,11,9,7,1,5,2,0,0,24,22,0,10,0,17,8,2,9,0,0,0,0,1,1,1,0,0,3,0,0,1,0,2,0,0,0,0,1,0,1,1,0,1,0,0,3,1,0,1,0,3,0,0,0
6/22/2021,33,3,1,3,7,8,3,5,5,1,1,0,19,14,0,2,0,16,6,2,7,0,0,0,0,2,0,0,1,0,2,1,0,2,0,1,0,0,0,0,0,0,0,0,0,0,1,0,0,1,0,0,1,0,0,0,0
6/23/2021,47,0,5,7,10,11,9,6,2,0,2,0,28,19,0,10,1,15,9,3,9,0,0,0,0,0,0,0,0,0,0,0,0,0,0,0,0,0,0,1,0,0,1,1,1,0,1,0,4,1,0,1,0,4,0,0,0
6/24/2021,43,0,8,7,13,10,7,4,0,1,1,0,23,20,0,7,2,18,11,1,4,0,0,0,0,0,0,0,0,0,0,0,0,0,0,0,0,0,0,1,2,3,1,1,0,0,0,0,2,6,0,1,1,4,2,0,0
6/25/2021,35,3,3,8,6,6,9,2,4,0,0,0,16,19,0,8,2,5,3,1,16,0,0,1,0,0,1,1,0,0,2,1,0,0,0,3,0,0,0,0,1,2,0,0,0,0,0,0,2,1,0,0,0,2,1,0,0
6/26/2021,19,0,3,3,4,7,3,0,2,0,0,0,11,8,0,4,0,5,2,4,4,0,0,0,0,0,0,0,0,0,0,0,0,0,0,0,0,0,0,0,1,0,1,0,1,0,0,0,2,1,0,2,0,1,0,0,0
6/27/2021,17,1,1,4,2,6,1,0,1,3,0,0,10,7,0,3,0,6,4,0,4,0,0,0,0,0,0,1,0,0,0,1,0,0,0,1,0,0,0,0,0,0,0,0,1,0,0,0,0,1,0,0,0,0,1,0,0
6/28/2021,50,2,8,12,9,9,9,5,3,3,0,0,18,32,0,11,2,20,8,1,8,0,0,0,2,0,0,0,0,0,1,1,0,2,0,0,0,0,0,1,2,1,0,2,1,1,0,0,6,2,0,5,0,3,0,0,0
6/29/2021,52,2,3,17,10,12,6,1,3,3,0,0,28,24,0,11,0,15,12,4,10,0,0,0,1,1,0,0,0,0,1,1,0,0,0,2,0,0,0,0,0,0,0,0,1,1,1,0,2,1,0,0,0,3,0,0,0
6/30/2021,51,0,3,11,12,10,9,3,3,3,0,0,21,29,1,10,2,9,14,1,15,0,0,0,0,0,0,0,0,0,0,0,0,0,0,0,0,0,0,0,0,1,1,0,0,1,0,0,0,3,0,1,0,2,0,0,0
7/1/2021,31,2,6,5,11,7,5,1,2,0,0,0,14,17,0,5,1,8,7,1,9,0,0,0,0,1,0,1,0,0,1,1,0,0,0,2,0,0,0,0,1,1,2,1,1,0,0,0,3,3,0,1,0,5,0,0,0
7/2/2021,53,0,3,5,11,9,13,5,7,3,0,0,33,20,0,6,0,13,16,7,11,0,0,0,0,0,0,0,0,0,0,0,0,0,0,0,0,0,0,0,0,0,0,3,0,0,0,0,3,0,0,0,0,3,0,0,0
7/3/2021,49,0,4,6,12,17,7,5,1,0,1,0,22,26,1,10,2,15,8,0,14,0,0,0,0,0,0,0,0,0,0,0,0,0,0,0,0,0,0,0,0,1,0,1,1,0,1,0,1,3,0,1,0,3,0,0,0
7/4/2021,18,1,2,6,2,6,1,0,0,2,1,0,10,8,0,3,2,6,3,1,3,0,0,0,0,1,0,0,0,0,1,0,0,0,0,1,0,0,0,0,1,0,0,1,0,0,0,0,2,0,0,0,0,1,0,1,0
7/5/2021,58,2,3,11,15,14,7,5,3,2,1,0,26,31,1,15,0,14,14,3,12,0,0,0,0,0,1,0,1,0,2,0,0,2,0,0,0,0,0,0,1,1,0,0,0,1,0,0,2,1,0,1,0,2,0,0,0
7/6/2021,77,2,3,23,18,13,6,8,6,2,1,0,47,30,0,15,2,17,16,5,22,0,0,0,0,0,2,0,0,0,2,0,0,0,0,1,1,0,0,1,0,0,0,0,0,1,1,0,2,1,0,1,0,1,1,0,0
7/7/2021,72,2,3,17,18,16,12,4,3,2,0,0,50,21,1,17,3,16,14,3,19,0,0,0,1,0,0,0,1,0,1,1,0,2,0,0,0,0,0,0,0,0,1,0,0,1,1,0,2,1,0,0,0,2,1,0,0
7/8/2021,73,0,4,13,27,16,5,6,3,3,0,0,40,33,0,12,1,18,16,2,24,0,0,0,0,0,0,0,0,0,0,0,0,0,0,0,0,0,0,1,1,2,0,0,0,0,0,0,2,2,0,0,0,4,0,0,0
7/9/2021,82,1,3,13,20,24,12,5,5,2,1,0,41,40,1,14,1,22,15,4,26,0,0,0,0,0,0,0,1,0,1,0,0,0,1,0,0,0,0,0,0,1,0,0,1,0,1,0,2,1,0,0,0,1,2,0,0
7/10/2021,48,0,6,7,11,17,7,2,1,3,0,0,22,26,0,8,2,12,13,2,11,0,0,0,0,0,0,0,0,0,0,0,0,0,0,0,0,0,0,0,1,2,1,0,0,2,0,0,4,2,0,2,0,2,1,0,1
7/11/2021,69,2,4,18,13,15,8,11,1,3,0,0,34,35,0,9,2,14,18,4,22,0,0,0,0,1,1,0,0,0,1,1,0,1,0,1,0,0,0,1,0,0,2,0,0,1,0,0,1,3,0,0,0,4,0,0,0
7/12/2021,99,0,6,11,31,22,12,10,6,6,1,0,49,50,0,13,3,33,24,2,24,0,0,0,0,0,0,0,0,0,0,0,0,0,0,0,0,0,0,1,1,1,0,0,0,2,1,0,4,2,0,1,1,3,1,0,0
7/13/2021,93,2,7,13,21,30,7,9,6,6,1,0,46,47,0,20,2,29,20,2,20,0,0,0,1,0,0,0,1,0,2,0,0,0,0,2,0,0,0,0,3,1,1,0,0,2,0,0,5,2,0,1,1,4,1,0,0
7/14/2021,138,2,4,25,41,34,14,13,9,1,1,0,73,64,1,11,3,48,38,7,31,0,0,0,0,1,0,1,0,0,2,0,0,0,0,1,1,0,0,0,0,1,0,2,0,0,1,0,0,4,0,1,0,1,1,1,0
7/15/2021,130,0,2,15,44,28,20,12,8,3,0,0,73,55,2,16,6,42,33,2,31,0,0,0,0,0,0,0,0,0,0,0,0,0,0,0,0,0,0,0,0,0,1,0,1,0,0,0,0,2,0,0,0,2,0,0,0
7/16/2021,151,0,5,23,41,46,13,18,6,3,1,0,75,73,3,18,5,32,43,8,45,0,0,0,0,0,0,0,0,0,0,0,0,0,0,0,0,0,0,0,0,2,0,0,1,0,2,0,2,3,0,1,0,3,1,0,0
7/17/2021,117,0,4,22,35,28,16,7,2,4,3,0,64,51,2,39,2,27,16,6,27,0,0,0,0,0,0,0,0,0,0,0,0,0,0,0,0,0,0,0,0,0,0,0,0,3,1,0,2,2,0,0,0,3,1,0,0
7/18/2021,89,0,2,12,27,20,11,6,7,4,2,0,50,39,0,17,1,19,27,5,20,0,0,0,0,0,0,0,0,0,0,0,0,0,0,0,0,0,0,0,0,0,0,1,1,0,0,0,1,1,0,0,0,2,0,0,0
7/19/2021,195,1,10,35,62,47,23,19,4,3,2,0,93,101,1,31,2,35,57,15,55,0,0,0,1,0,0,0,0,0,0,1,0,0,0,0,1,0,0,1,1,2,0,0,3,1,2,0,8,2,0,3,0,4,3,0,0
7/20/2021,183,1,8,31,46,48,27,18,6,5,2,0,96,87,0,23,5,49,46,13,47,0,0,0,0,0,0,1,0,0,1,0,0,0,0,1,0,0,0,0,2,1,1,1,0,2,1,0,4,4,0,2,0,5,0,1,0
7/21/2021,203,0,6,36,54,49,24,23,9,4,4,0,112,91,0,31,8,59,57,7,41,0,0,0,0,0,0,0,0,0,0,0,0,0,0,0,0,0,0,0,0,1,1,2,0,1,1,0,3,3,0,0,0,4,2,0,0
7/22/2021,224,1,8,37,67,54,20,22,11,11,2,0,115,108,1,40,2,68,62,11,41,0,0,0,0,0,1,0,0,0,1,0,0,0,0,1,0,0,0,0,1,1,2,0,3,1,0,0,3,5,0,2,0,4,2,0,0
7/23/2021,229,2,12,39,57,62,28,19,12,8,4,0,128,101,0,42,2,62,50,13,60,0,0,0,0,0,1,1,0,0,0,2,0,0,0,2,0,0,0,0,3,2,1,2,0,3,1,0,5,7,0,4,0,4,3,1,0
7/24/2021,180,0,9,40,49,32,16,23,14,2,4,0,85,94,1,26,3,52,44,9,46,0,0,0,0,0,0,0,0,0,0,0,0,0,0,0,0,0,0,1,2,1,0,3,1,0,1,0,5,4,0,2,0,6,0,1,0
7/25/2021,127,2,,15,37,32,17,12,6,6,2,0,72,55,0,13,8,37,32,10,27,0,0,1,1,0,0,0,0,0,1,1,0,0,0,2,0,0,0,,,,,,,,,,,,,,,,,,
7/26/2021,275,1,,50,73,70,26,26,18,6,6,0,148,125,2,36,9,71,67,15,77,0,0,0,0,0,0,0,1,0,1,0,0,1,0,0,0,0,0,,,,,,,,,,,,,,,,,,
7/27/2021,213,1,,26,58,62,31,19,5,8,4,0,122,91,0,40,3,64,57,8,41,0,0,0,0,0,1,0,0,0,1,0,0,1,0,0,0,0,0,,,,,,,,,,,,,,,,,,
7/28/2021,151,1,,20,55,31,23,12,5,3,2,0,76,75,0,25,8,40,53,6,19,0,0,0,1,0,0,0,0,0,0,1,0,1,0,0,0,0,0,,,,,,,,,,,,,,,,,,
7/29/2021,5,0,,1,0,1,1,1,1,0,0,0,4,1,0,0,0,2,2,0,1,0,0,0,0,0,0,0,0,0,0,0,0,0,0,0,0,0,0,,,,,,,,,,,,,,,,,,
